# Wavelength (nm), Re(sigma) (S), Im(sigma) (S)
4.000000000000000000e+02,8.184337590853786912e-21,6.553017177356729507e-19
4.012512512512512330e+02,8.238225691249510503e-21,6.564291337851982582e-19
4.025025025025025229e+02,8.292437041385646216e-21,6.575604309933106128e-19
4.037537537537537560e+02,8.346974028249655993e-21,6.586956294107329097e-19
4.050050050050049890e+02,8.401839060270239915e-21,6.598347492263638879e-19
4.062562562562562789e+02,8.457034567545671749e-21,6.609778107684691253e-19
4.075075075075075119e+02,8.512563002074955682e-21,6.621248345058833007e-19
4.087587587587587450e+02,8.568426837991893008e-21,6.632758410492271886e-19
4.100100100100100349e+02,8.624628571801959480e-21,6.644308511521345730e-19
4.112612612612612679e+02,8.681170722622214487e-21,6.655898857124937982e-19
4.125125125125125010e+02,8.738055832424135243e-21,6.667529657737012602e-19
4.137637637637637908e+02,8.795286466279494848e-21,6.679201125259292465e-19
4.150150150150150239e+02,8.852865212609308288e-21,6.690913473074050423e-19
4.162662662662662569e+02,8.910794683435896046e-21,6.702666916057053483e-19
4.175175175175174900e+02,8.969077514638074331e-21,6.714461670590629275e-19
4.187687687687687799e+02,9.027716366209601332e-21,6.726297954576880823e-19
4.200200200200200129e+02,9.086713922520805778e-21,6.738175987451031313e-19
4.212712712712712460e+02,9.146072892583548251e-21,6.750095990194906566e-19
4.225225225225225358e+02,9.205796010319534828e-21,6.762058185350585064e-19
4.237737737737737689e+02,9.265886034831969496e-21,6.774062797034156798e-19
4.250250250250250019e+02,9.326345750680676255e-21,6.786110050949648699e-19
4.262762762762762918e+02,9.387177968160728522e-21,6.798200174403098376e-19
4.275275275275275249e+02,9.448385523584549714e-21,6.810333396316766513e-19
4.287787787787787579e+02,9.509971279567688154e-21,6.822509947243520679e-19
4.300300300300300478e+02,9.571938125318153438e-21,6.834730059381340467e-19
4.312812812812812808e+02,9.634288976929485794e-21,6.846993966588014266e-19
4.325325325325325139e+02,9.697026777677571982e-21,6.859301904395964109e-19
4.337837837837838038e+02,9.760154498321252865e-21,6.871654110027246737e-19
4.350350350350350368e+02,9.823675137406784345e-21,6.884050822408710674e-19
4.362862862862862698e+02,9.887591721576232912e-21,6.896492282187317955e-19
4.375375375375375597e+02,9.951907305879801298e-21,6.908978731745623796e-19
4.387887887887887928e+02,1.001662497409221363e-20,6.921510415217431507e-19
4.400400400400400258e+02,1.008174783903321423e-20,6.934087578503620754e-19
4.412912912912913157e+02,1.014727904289214403e-20,6.946710469288139518e-19
4.425425425425425487e+02,1.021322175755675393e-20,6.959379337054156863e-19
4.437937937937937818e+02,1.027957918494635010e-20,6.972094433100432384e-19
4.450450450450450717e+02,1.034635455734919282e-20,6.984856010557820464e-19
4.462962962962963047e+02,1.041355113776429635e-20,6.997664324405971933e-19
4.475475475475475378e+02,1.048117222024778342e-20,7.010519631490229292e-19
4.487987987987987708e+02,1.054922113026366021e-20,7.023422190538692379e-19
4.500500500500500607e+02,1.061770122503927836e-20,7.036372262179481439e-19
4.513013013013012937e+02,1.068661589392534842e-20,7.049370108958161017e-19
4.525525525525525836e+02,1.075596855876087349e-20,7.062415995355418063e-19
4.538038038038038167e+02,1.082576267424267049e-20,7.075510187804865233e-19
4.550550550550550497e+02,1.089600172829997558e-20,7.088652954711090702e-19
4.563063063063062827e+02,1.096668924247383726e-20,7.101844566467877464e-19
4.575575575575575726e+02,1.103782877230166748e-20,7.115085295476650847e-19
4.588088088088088057e+02,1.110942390770680152e-20,7.128375416165108039e-19
4.600600600600600387e+02,1.118147827339330016e-20,7.141715205006071976e-19
4.613113113113113286e+02,1.125399552924596677e-20,7.155104940536539753e-19
4.625625625625625617e+02,1.132697937073574357e-20,7.168544903376965996e-19
4.638138138138137947e+02,1.140043352933050192e-20,7.182035376250741720e-19
4.650650650650650846e+02,1.147436177291135921e-20,7.195576644003899480e-19
4.663163163163163176e+02,1.154876790619454171e-20,7.209168993625041930e-19
4.675675675675675507e+02,1.162365577115896967e-20,7.222812714265496683e-19
4.688188188188188406e+02,1.169902924747959303e-20,7.236508097259696498e-19
4.700700700700700736e+02,1.177489225296650193e-20,7.250255436145775176e-19
4.713213213213213066e+02,1.185124874401011750e-20,7.264055026686433088e-19
4.725725725725725397e+02,1.192810271603228974e-20,7.277907166889999141e-19
4.738238238238238296e+02,1.200545820394353739e-20,7.291812157031758525e-19
4.750750750750750626e+02,1.208331928260657262e-20,7.305770299675513506e-19
4.763263263263263525e+02,1.216169006730609253e-20,7.319781899695397463e-19
4.775775775775775855e+02,1.224057471422492769e-20,7.333847264297918126e-19
4.788288288288288186e+02,1.231997742092684270e-20,7.347966703044291616e-19
4.800800800800800516e+02,1.239990242684581418e-20,7.362140527872992203e-19
4.813313313313313415e+02,1.248035401378208111e-20,7.376369053122581311e-19
4.825825825825825746e+02,1.256133650640505024e-20,7.390652595554808087e-19
4.838338338338338644e+02,1.264285427276305673e-20,7.404991474377951672e-19
4.850850850850850975e+02,1.272491172480021142e-20,7.419386011270461026e-19
4.863363363363363305e+02,1.280751331888040133e-20,7.433836530404848982e-19
4.875875875875875636e+02,1.289066355631851973e-20,7.448343358471870366e-19
4.888388388388388535e+02,1.297436698391909916e-20,7.462906824704984200e-19
4.900900900900900865e+02,1.305862819452240280e-20,7.477527260905101899e-19
4.913413413413413764e+02,1.314345182755817299e-20,7.492205001465607991e-19
4.925925925925926094e+02,1.322884256960710302e-20,7.506940383397709206e-19
4.938438438438438425e+02,1.331480515497007426e-20,7.521733746356030089e-19
4.950950950950950755e+02,1.340134436624555300e-20,7.536585432664566824e-19
4.963463463463463654e+02,1.348846503491492270e-20,7.551495787342897222e-19
4.975975975975975985e+02,1.357617204193614886e-20,7.566465158132730627e-19
4.988488488488488315e+02,1.366447031834577059e-20,7.581493895524754413e-19
5.001001001001001214e+02,1.375336484586945043e-20,7.596582352785810783e-19
5.013513513513513544e+02,1.384286065754106461e-20,7.611730885986384606e-19
5.026026026026025875e+02,1.393296283833072919e-20,7.626939854028430214e-19
5.038538538538538205e+02,1.402367652578158775e-20,7.642209618673519832e-19
5.051051051051051104e+02,1.411500691065578334e-20,7.657540544571331933e-19
5.063563563563563434e+02,1.420695923758955151e-20,7.672932999288468926e-19
5.076076076076076333e+02,1.429953880575778651e-20,7.688387353337652334e-19
5.088588588588588664e+02,1.439275096954803552e-20,7.703903980207230922e-19
5.101101101101100994e+02,1.448660113924420078e-20,7.719483256391060543e-19
5.113613613613613325e+02,1.458109478172006997e-20,7.735125561418747976e-19
5.126126126126125655e+02,1.467623742114282832e-20,7.750831277886252991e-19
5.138638638638639122e+02,1.477203463968676009e-20,7.766600791486863080e-19
5.151151151151151453e+02,1.486849207825720866e-20,7.782434491042537964e-19
5.163663663663663783e+02,1.496561543722512622e-20,7.798332768535651815e-19
5.176176176176176114e+02,1.506341047717220703e-20,7.814296019141103313e-19
5.188688688688688444e+02,1.516188301964688109e-20,7.830324641258821500e-19
5.201201201201200774e+02,1.526103894793137899e-20,7.846419036546675104e-19
5.213713713713714242e+02,1.536088420781994301e-20,7.862579609953788238e-19
5.226226226226226572e+02,1.546142480840846739e-20,7.878806769754245138e-19
5.238738738738738903e+02,1.556266682289572135e-20,7.895100927581231122e-19
5.251251251251251233e+02,1.566461638939634728e-20,7.911462498461584739e-19
5.263763763763763563e+02,1.576727971176580575e-20,7.927891900850773616e-19
5.276276276276275894e+02,1.587066306043756222e-20,7.944389556668313276e-19
5.288788788788788224e+02,1.597477277327257562e-20,7.960955891333605803e-19
5.301301301301301692e+02,1.607961525642147400e-20,7.977591333802256139e-19
5.313813813813814022e+02,1.618519698519936603e-20,7.994296316602793796e-19
5.326326326326326353e+02,1.629152450497392046e-20,8.011071275873905888e-19
5.338838838838838683e+02,1.639860443206647261e-20,8.027916651402090033e-19
5.351351351351351013e+02,1.650644345466668758e-20,8.044832886659808946e-19
5.363863863863864481e+02,1.661504833376091273e-20,8.061820428844106297e-19
5.376376376376376811e+02,1.672442590407442377e-20,8.078879728915710796e-19
5.388888888888889142e+02,1.683458307502791689e-20,8.096011241638646792e-19
5.401401401401401472e+02,1.694552683170832481e-20,8.113215425620328281e-19
5.413913913913913802e+02,1.705726423585436037e-20,8.130492743352165218e-19
5.426426426426426133e+02,1.716980242685691068e-20,8.147843661250691745e-19
5.438938938938938463e+02,1.728314862277464320e-20,8.165268649699206727e-19
5.451451451451450794e+02,1.739731012136504629e-20,8.182768183089952577e-19
5.463963963963964261e+02,1.751229430113113607e-20,8.200342739866828535e-19
5.476476476476476591e+02,1.762810862238408824e-20,8.217992802568641270e-19
5.488988988988988922e+02,1.774476062832229750e-20,8.235718857872935202e-19
5.501501501501501252e+02,1.786225794612678332e-20,8.253521396640357254e-19
5.514014014014014720e+02,1.798060828807346263e-20,8.271400913959610948e-19
5.526526526526527050e+02,1.809981945266259940e-20,8.289357909192977688e-19
5.539039039039039380e+02,1.821989932576561165e-20,8.307392886022435076e-19
5.551551551551551711e+02,1.834085588178963316e-20,8.325506352496377082e-19
5.564064064064064041e+02,1.846269718486006151e-20,8.343698821076915850e-19
5.576576576576576372e+02,1.858543139002154397e-20,8.361970808687833500e-19
5.589089089089088702e+02,1.870906674445753345e-20,8.380322836763132893e-19
5.601601601601601033e+02,1.883361158872896242e-20,8.398755431296229741e-19
5.614114114114114500e+02,1.895907435803216709e-20,8.417269122889792777e-19
5.626626626626626830e+02,1.908546358347657333e-20,8.435864446806232977e-19
5.639139139139139161e+02,1.921278789338241241e-20,8.454541943018856258e-19
5.651651651651651491e+02,1.934105601459880036e-20,8.473302156263700842e-19
5.664164164164163822e+02,1.947027677384266851e-20,8.492145636092040038e-19
5.676676676676677289e+02,1.960045909905868070e-20,8.511072936923589904e-19
5.689189189189189619e+02,1.973161202080086534e-20,8.530084618100423732e-19
5.701701701701701950e+02,1.986374467363605858e-20,8.549181243941612606e-19
5.714214214214214280e+02,1.999686629756959508e-20,8.568363383798561221e-19
5.726726726726726611e+02,2.013098623949387205e-20,8.587631612111119851e-19
5.739239239239238941e+02,2.026611395465985914e-20,8.606986508464422397e-19
5.751751751751751272e+02,2.040225900817230009e-20,8.626428657646500577e-19
5.764264264264263602e+02,2.053943107650880504e-20,8.645958649706661752e-19
5.776776776776777069e+02,2.067763994906336906e-20,8.665577080014653500e-19
5.789289289289289400e+02,2.081689552971478025e-20,8.685284549320633212e-19
5.801801801801801730e+02,2.095720783842031774e-20,8.705081663815950451e-19
5.814314314314314061e+02,2.109858701283530532e-20,8.724969035194741075e-19
5.826826826826827528e+02,2.124104330995879149e-20,8.744947280716371665e-19
5.839339339339339858e+02,2.138458710780605109e-20,8.765017023268714027e-19
5.851851851851852189e+02,2.152922890710841408e-20,8.785178891432319105e-19
5.864364364364364519e+02,2.167497933304069832e-20,8.805433519545420966e-19
5.876876876876876850e+02,2.182184913697698056e-20,8.825781547769880646e-19
5.889389389389389180e+02,2.196984919827514214e-20,8.846223622157988949e-19
5.901901901901901510e+02,2.211899052609078794e-20,8.866760394720236076e-19
5.914414414414413841e+02,2.226928426122098738e-20,8.887392523493969099e-19
5.926926926926927308e+02,2.242074167797851111e-20,8.908120672613041291e-19
5.939439439439439639e+02,2.257337418609700309e-20,8.928945512378393610e-19
5.951951951951951969e+02,2.272719333266789435e-20,8.949867719329637657e-19
5.964464464464464299e+02,2.288221080410939850e-20,8.970887976317636278e-19
5.976976976976976630e+02,2.303843842816835647e-20,8.992006972578074086e-19
5.989489489489490097e+02,2.319588817595554116e-20,9.013225403806089169e-19
6.002002002002002428e+02,2.335457216401493681e-20,9.034543972231913993e-19
6.014514514514514758e+02,2.351450265642798595e-20,9.055963386697627560e-19
6.027027027027027088e+02,2.367569206695286725e-20,9.077484362734936016e-19
6.039539539539539419e+02,2.383815296120014938e-20,9.099107622644089555e-19
6.052052052052051749e+02,2.400189805884509469e-20,9.120833895573910585e-19
6.064564564564564080e+02,2.416694023587735301e-20,9.142663917602923530e-19
6.077077077077076410e+02,2.433329252688901459e-20,9.164598431821692186e-19
6.089589589589589878e+02,2.450096812740145547e-20,9.186638188416289522e-19
6.102102102102102208e+02,2.466998039623195026e-20,9.208783944752969269e-19
6.114614614614614538e+02,2.484034285790072952e-20,9.231036465464060464e-19
6.127127127127126869e+02,2.501206920507927300e-20,9.253396522535077266e-19
6.139639639639640336e+02,2.518517330108075080e-20,9.275864895393109508e-19
6.152152152152152667e+02,2.535966918239313875e-20,9.298442370996445850e-19
6.164664664664664997e+02,2.553557106125633244e-20,9.321129743925531594e-19
6.177177177177177327e+02,2.571289332828367483e-20,9.343927816475226510e-19
6.189689689689689658e+02,2.589165055512897206e-20,9.366837398748399252e-19
6.202202202202201988e+02,2.607185749719996020e-20,9.389859308750898813e-19
6.214714714714714319e+02,2.625352909641890614e-20,9.412994372487881844e-19
6.227227227227226649e+02,2.643668048403163662e-20,9.436243424061592109e-19
6.239739739739740116e+02,2.662132698346562426e-20,9.459607305770532402e-19
6.252252252252252447e+02,2.680748411323824714e-20,9.483086868210121344e-19
6.264764764764764777e+02,2.699516758991629910e-20,9.506682970374817751e-19
6.277277277277277108e+02,2.718439333112769279e-20,9.530396479761758770e-19
6.289789789789789438e+02,2.737517745862631541e-20,9.554228272475929139e-19
6.302302302302302905e+02,2.756753630141144536e-20,9.578179233336903927e-19
6.314814814814815236e+02,2.776148639890228062e-20,9.602250255987143574e-19
6.327327327327327566e+02,2.795704450416933628e-20,9.626442243001954863e-19
6.339839839839839897e+02,2.815422758722337313e-20,9.650756106001048486e-19
6.352352352352352227e+02,2.835305283836327776e-20,9.675192765761799130e-19
6.364864864864864558e+02,2.855353767158392948e-20,9.699753152334186903e-19
6.377377377377376888e+02,2.875569972804557043e-20,9.724438205157489433e-19
6.389889889889889218e+02,2.895955687960554587e-20,9.749248873178707292e-19
6.402402402402402686e+02,2.916512723241403947e-20,9.774186114972801738e-19
6.414914914914915016e+02,2.937242913057496517e-20,9.799250898864762073e-19
6.427427427427427347e+02,2.958148115987341802e-20,9.824444203053512278e-19
6.439939939939939677e+02,2.979230215157091779e-20,9.849767015737703121e-19
6.452452452452453144e+02,3.000491118627014844e-20,9.875220335243451392e-19
6.464964964964965475e+02,3.021932759785030114e-20,9.900805170154010838e-19
6.477477477477477805e+02,3.043557097747481405e-20,9.926522539441444141e-19
6.489989989989990136e+02,3.065366117767280306e-20,9.952373472600330606e-19
6.502502502502502466e+02,3.087361831649574227e-20,9.978359009783513405e-19
6.515015015015014797e+02,3.109546278175120566e-20,1.000448020193998846e-18
6.527527527527527127e+02,3.131921523531496403e-20,1.003073811095487717e-18
6.540040040040039457e+02,3.154489661752337524e-20,1.005713380979162170e-18
6.552552552552552925e+02,3.177252815164763238e-20,1.008366838263638730e-18
6.565065065065065255e+02,3.200213134845163349e-20,1.011034292504470654e-18
6.577577577577577586e+02,3.223372801083517598e-20,1.013715854409041524e-18
6.590090090090089916e+02,3.246734023856470860e-20,1.016411635851698635e-18
6.602602602602603383e+02,3.270299043309277256e-20,1.019121749889116515e-18
6.615115115115115714e+02,3.294070130246874366e-20,1.021846310775908522e-18
6.627627627627628044e+02,3.318049586634251269e-20,1.024585433980484558e-18
6.640140140140140375e+02,3.342239746106315021e-20,1.027339236201160321e-18
6.652652652652652705e+02,3.366642974487463222e-20,1.030107835382520586e-18
6.665165165165165035e+02,3.391261670321069702e-20,1.032891350732048258e-18
6.677677677677677366e+02,3.416098265409117454e-20,1.035689902737015547e-18
6.690190190190189696e+02,3.441155225362167190e-20,1.038503613181647476e-18
6.702702702702702027e+02,3.466435050159923924e-20,1.041332605164561944e-18
6.715215215215215494e+02,3.491940274722608631e-20,1.044177003116489818e-18
6.727727727727727824e+02,3.517673469493370291e-20,1.047036932818280461e-18
6.740240240240240155e+02,3.543637241032034449e-20,1.049912521419204798e-18
6.752752752752752485e+02,3.569834232620349564e-20,1.052803897455547097e-18
6.765265265265265953e+02,3.596267124879056170e-20,1.055711190869507001e-18
6.777777777777778283e+02,3.622938636397038837e-20,1.058634533028406829e-18
6.790290290290290613e+02,3.649851524372780010e-20,1.061574056744213769e-18
6.802802802802802944e+02,3.677008585268453962e-20,1.064529896293384079e-18
6.815315315315315274e+02,3.704412655476889581e-20,1.067502187437032580e-18
6.827827827827827605e+02,3.732066612001737804e-20,1.070491067441435915e-18
6.840340340340339935e+02,3.759973373151107322e-20,1.073496675098875928e-18
6.852852852852852266e+02,3.788135899244994764e-20,1.076519150748826814e-18
6.865365365365364596e+02,3.816557193336812079e-20,1.079558636299497808e-18
6.877877877877878063e+02,3.845240301949328303e-20,1.082615275249733697e-18
6.890390390390390394e+02,3.874188315825368165e-20,1.085689212711281465e-18
6.902902902902902724e+02,3.903404370693599145e-20,1.088780595431432294e-18
6.915415415415416192e+02,3.932891648049744633e-20,1.091889571816043937e-18
6.927927927927928522e+02,3.962653375953598740e-20,1.095016291952950783e-18
6.940440440440440852e+02,3.992692829842155726e-20,1.098160907635769119e-18
6.952952952952953183e+02,4.023013333359333722e-20,1.101323572388110504e-18
6.965465465465465513e+02,4.053618259202547329e-20,1.104504441488203429e-18
6.977977977977977844e+02,4.084511029986596137e-20,1.107703671993933493e-18
6.990490490490490174e+02,4.115695119125294659e-20,1.110921422768317291e-18
7.003003003003002505e+02,4.147174051731179540e-20,1.114157854505409251e-18
7.015515515515514835e+02,4.178951405533795359e-20,1.117413129756654716e-18
7.028028028028028302e+02,4.211030811816950842e-20,1.120687412957699463e-18
7.040540540540540633e+02,4.243415956375401092e-20,1.123980870455659717e-18
7.053053053053052963e+02,4.276110580491436709e-20,1.127293670536868830e-18
7.065565565565565294e+02,4.309118481931835407e-20,1.130625983455104482e-18
7.078078078078078761e+02,4.342443515965650992e-20,1.133977981460309110e-18
7.090590590590591091e+02,4.376089596403357284e-20,1.137349838827811852e-18
7.103103103103103422e+02,4.410060696657844134e-20,1.140741731888063940e-18
7.115615615615615752e+02,4.444360850827816806e-20,1.144153839056897759e-18
7.128128128128128083e+02,4.478994154804098294e-20,1.147586340866319381e-18
7.140640640640640413e+02,4.513964767399400284e-20,1.151039419995844413e-18
7.153153153153152743e+02,4.549276911502182093e-20,1.154513261304392934e-18
7.165665665665665074e+02,4.584934875255071227e-20,1.158008051862747771e-18
7.178178178178177404e+02,4.620943013258602096e-20,1.161523980986599030e-18
7.190690690690690872e+02,4.657305747800717057e-20,1.165061240270171983e-18
7.203203203203203202e+02,4.694027570112796528e-20,1.168620023620462596e-18
7.215715715715715532e+02,4.731113041652823056e-20,1.172200527292091659e-18
7.228228228228229000e+02,4.768566795416316094e-20,1.175802949922783497e-18
7.240740740740741330e+02,4.806393537275793399e-20,1.179427492569490061e-18
7.253253253253253661e+02,4.844598047349411487e-20,1.183074358745171374e-18
7.265765765765765991e+02,4.883185181399518177e-20,1.186743754456242543e-18
7.278278278278278322e+02,4.922159872261897845e-20,1.190435888240709098e-18
7.290790790790790652e+02,4.961527131306455068e-20,1.194150971206999904e-18
7.303303303303302982e+02,5.001292049930111865e-20,1.197889217073511121e-18
7.315815815815815313e+02,5.041459801082745462e-20,1.201650842208880294e-18
7.328328328328327643e+02,5.082035640827035665e-20,1.205436065673007883e-18
7.340840840840841111e+02,5.123024909933013885e-20,1.209245109258836469e-18
7.353353353353353441e+02,5.164433035508224408e-20,1.213078197534903784e-18
7.365865865865865771e+02,5.206265532664463890e-20,1.216935557888698482e-18
7.378378378378378102e+02,5.248528006221935657e-20,1.220817420570817277e-18
7.390890890890891569e+02,5.291226152451830512e-20,1.224724018739956404e-18
7.403403403403403900e+02,5.334365760858358421e-20,1.228655588508748173e-18
7.415915915915916230e+02,5.377952716001171755e-20,1.232612368990462650e-18
7.428428428428428560e+02,5.421992999359311592e-20,1.236594602346595654e-18
7.440940940940940891e+02,5.466492691237656876e-20,1.240602533835355584e-18
7.453453453453453221e+02,5.511457972717097005e-20,1.244636411861081241e-18
7.465965965965965552e+02,5.556895127649470857e-20,1.248696488024595842e-18
7.478478478478477882e+02,5.602810544698543962e-20,1.252783017174535176e-18
7.490990990990990213e+02,5.649210719428111381e-20,1.256896257459652003e-18
7.503503503503503680e+02,5.696102256438641232e-20,1.261036470382142749e-18
7.516016016016016010e+02,5.743491871553538612e-20,1.265203920851990699e-18
7.528528528528528341e+02,5.791386394056554980e-20,1.269398877242375576e-18
7.541041041041041808e+02,5.839792768981563589e-20,1.273621611446158376e-18
7.553553553553554138e+02,5.888718059456129739e-20,1.277872398933464358e-18
7.566066066066066469e+02,5.938169449100409402e-20,1.282151518810402721e-18
7.578578578578578799e+02,5.988154244482719523e-20,1.286459253878932599e-18
7.591091091091091130e+02,6.038679877633445956e-20,1.290795890697912923e-18
7.603603603603603460e+02,6.089753908618768366e-20,1.295161719645357906e-18
7.616116116116115791e+02,6.141384028175937864e-20,1.299557034981931688e-18
7.628628628628628121e+02,6.193578060411645686e-20,1.303982134915698868e-18
7.641141141141140452e+02,6.246343965565328222e-20,1.308437321668172727e-18
7.653653653653653919e+02,6.299689842839210325e-20,1.312922901541691582e-18
7.666166166166166249e+02,6.353623933296691456e-20,1.317439184988130570e-18
7.678678678678678580e+02,6.408154622831413448e-20,1.321986486679025528e-18
7.691191191191190910e+02,6.463290445208417039e-20,1.326565125577087203e-18
7.703703703703704377e+02,6.519040085179906522e-20,1.331175425009188796e-18
7.716216216216216708e+02,6.575412381677301681e-20,1.335817712740820872e-18
7.728728728728729038e+02,6.632416331082041005e-20,1.340492321052081431e-18
7.741241241241241369e+02,6.690061090577116275e-20,1.345199586815214619e-18
7.753753753753753699e+02,6.748355981581698988e-20,1.349939851573741601e-18
7.766266266266266030e+02,6.807310493271274460e-20,1.354713461623229249e-18
7.778778778778778360e+02,6.866934286185610378e-20,1.359520768093724955e-18
7.791291291291290690e+02,6.927237195927128491e-20,1.364362127033904162e-18
7.803803803803803021e+02,6.988229236952268635e-20,1.369237899496970892e-18
7.816316316316316488e+02,7.049920606458463142e-20,1.374148451628352841e-18
7.828828828828828819e+02,7.112321688369490152e-20,1.379094154755228239e-18
7.841341341341341149e+02,7.175443057422182602e-20,1.384075385477950121e-18
7.853853853853854616e+02,7.239295483357202439e-20,1.389092525763385761e-18
7.866366366366366947e+02,7.303889935217059024e-20,1.394145963040237292e-18
7.878878878878879277e+02,7.369237585754577226e-20,1.399236090296394197e-18
7.891391391391391608e+02,7.435349815954788335e-20,1.404363306178346343e-18
7.903903903903903938e+02,7.502238219673930761e-20,1.409528015092739806e-18
7.916416416416416268e+02,7.569914608398697371e-20,1.414730627310098797e-18
7.928928928928928599e+02,7.638391016129525957e-20,1.419971559070789550e-18
7.941441441441440929e+02,7.707679704391494596e-20,1.425251232693268568e-18
7.953953953953953260e+02,7.777793167376729142e-20,1.430570076684683578e-18
7.966466466466466727e+02,7.848744137222126550e-20,1.435928525853874581e-18
7.978978978978979058e+02,7.920545589426613035e-20,1.441327021426844522e-18
7.991491491491491388e+02,7.993210748412091041e-20,1.446766011164761983e-18
8.004004004004003718e+02,8.066753093232374672e-20,1.452245949484552900e-18
8.016516516516517186e+02,8.141186363434714147e-20,1.457767297582156997e-18
8.029029029029029516e+02,8.216524565078461689e-20,1.463330523558507487e-18
8.041541541541541847e+02,8.292781976915840533e-20,1.468936102548316082e-18
8.054054054054054177e+02,8.369973156739588541e-20,1.474584516851719163e-18
8.066566566566566507e+02,8.448112947902890693e-20,1.480276256068880059e-18
8.079079079079078838e+02,8.527216486016688528e-20,1.486011817237604450e-18
8.091591591591591168e+02,8.607299205829997457e-20,1.491791704974054005e-18
8.104104104104103499e+02,8.688376848299068740e-20,1.497616431616653216e-18
8.116616616616615829e+02,8.770465467851019826e-20,1.503486517373245856e-18
8.129129129129129296e+02,8.853581439848330757e-20,1.509402490471612562e-18
8.141641641641641627e+02,8.937741468260406939e-20,1.515364887313424288e-18
8.154154154154153957e+02,9.022962593548782908e-20,1.521374252631723087e-18
8.166666666666667425e+02,9.109262200772854704e-20,1.527431139652035016e-18
8.179179179179179755e+02,9.196658027922976702e-20,1.533536110257191408e-18
8.191691691691692085e+02,9.285168174488521901e-20,1.539689735155983716e-18
8.204204204204204416e+02,9.374811110268215765e-20,1.545892594055735503e-18
8.216716716716716746e+02,9.465605684430617075e-20,1.552145275838902319e-18
8.229229229229229077e+02,9.557571134833026075e-20,1.558448378743814256e-18
8.241741741741741407e+02,9.650727097607011140e-20,1.564802510549667494e-18
8.254254254254253738e+02,9.745093617019414444e-20,1.571208288765880380e-18
8.266766766766766068e+02,9.840691155617852385e-20,1.577666340825937894e-18
8.279279279279279535e+02,9.937540604670118945e-20,1.584177304285850254e-18
8.291791791791791866e+02,1.003566329490706023e-19,1.590741827027335254e-18
8.304304304304304196e+02,1.013508100757928172e-19,1.597360567465883985e-18
8.316816816816817663e+02,1.023581598583791967e-19,1.604034194763819530e-18
8.329329329329329994e+02,1.033789094645037995e-19,1.610763389048497511e-18
8.341841841841842324e+02,1.044132909186240353e-19,1.617548841635797163e-18
8.354354354354354655e+02,1.054615412261813838e-19,1.624391255259047571e-18
8.366866866866866985e+02,1.065239025015020889e-19,1.631291344303536028e-18
8.379379379379379316e+02,1.076006220995247725e-19,1.638249835046760866e-18
8.391891891891891646e+02,1.086919527514880613e-19,1.645267465904606894e-18
8.404404404404403977e+02,1.097981527047084072e-19,1.652344987683572704e-18
8.416916916916916307e+02,1.109194858665962410e-19,1.659483163839274953e-18
8.429429429429428637e+02,1.120562219530514874e-19,1.666682770741364651e-18
8.441941941941942105e+02,1.132086366413932834e-19,1.673944597945064022e-18
8.454454454454454435e+02,1.143770117279816966e-19,1.681269448469507875e-18
8.466966966966966766e+02,1.155616352906966861e-19,1.688658139083093806e-18
8.479479479479480233e+02,1.167628018564432112e-19,1.696111500596030580e-18
8.491991991991992563e+02,1.179808125738623219e-19,1.703630378160311343e-18
8.504504504504504894e+02,1.192159753914324687e-19,1.711215631577321999e-18
8.517017017017017224e+02,1.204686052411526162e-19,1.718868135613306806e-18
8.529529529529529555e+02,1.217390242280070452e-19,1.726588780322926909e-18
8.542042042042041885e+02,1.230275618254211460e-19,1.734378471381154701e-18
8.554554554554554215e+02,1.243345550769231114e-19,1.742238130423746067e-18
8.567067067067066546e+02,1.256603488042371284e-19,1.750168695396549576e-18
8.579579579579578876e+02,1.270052958220428388e-19,1.758171120913920887e-18
8.592092092092092344e+02,1.283697571596444356e-19,1.766246378626508538e-18
8.604604604604604674e+02,1.297541022898036642e-19,1.774395457598703091e-18
8.617117117117117004e+02,1.311587093650021712e-19,1.782619364696039479e-18
8.629629629629630472e+02,1.325839654614063203e-19,1.790919124982853007e-18
8.642142142142142802e+02,1.340302668308239446e-19,1.799295782130502159e-18
8.654654654654655133e+02,1.354980191609511429e-19,1.807750398836492168e-18
8.667167167167167463e+02,1.369876378442203278e-19,1.816284057254820985e-18
8.679679679679679793e+02,1.384995482555745256e-19,1.824897859437902001e-18
8.692192192192192124e+02,1.400341860395075900e-19,1.833592927790426778e-18
8.704704704704704454e+02,1.415919974067214028e-19,1.842370405535530227e-18
8.717217217217216785e+02,1.431734394407702486e-19,1.851231457193651132e-18
8.729729729729729115e+02,1.447789804150747338e-19,1.860177269074478985e-18
8.742242242242241446e+02,1.464091001207073354e-19,1.869209049782408908e-18
8.754754754754754913e+02,1.480642902053670246e-19,1.878328030735926438e-18
8.767267267267267243e+02,1.497450545239771194e-19,1.887535466701349741e-18
8.779779779779779574e+02,1.514519095013684423e-19,1.896832636341433061e-18
8.792292292292293041e+02,1.531853845075140538e-19,1.906220842779244350e-18
8.804804804804805372e+02,1.549460222458197683e-19,1.915701414177854766e-18
8.817317317317317702e+02,1.567343791549858066e-19,1.925275704336333106e-18
8.829829829829830032e+02,1.585510258249809185e-19,1.934945093302569393e-18
8.842342342342342363e+02,1.603965474276977713e-19,1.944710988003482684e-18
8.854854854854854693e+02,1.622715441628787011e-19,1.954574822893173914e-18
8.867367367367367024e+02,1.641766317199314447e-19,1.964538060619612741e-18
8.879879879879879354e+02,1.661124417562824471e-19,1.974602192710471215e-18
8.892392392392391685e+02,1.680796223929433599e-19,1.984768740278733278e-18
8.904904904904905152e+02,1.700788387279968023e-19,1.995039254748728754e-18
8.917417417417417482e+02,1.721107733687444057e-19,2.005415318603280537e-18
8.929929929929929813e+02,1.741761269832904063e-19,2.015898546152670642e-18
8.942442442442443280e+02,1.762756188723698892e-19,2.026490584326139245e-18
8.954954954954955610e+02,1.784099875622729725e-19,2.037193113486694030e-18
8.967467467467467941e+02,1.805799914197536250e-19,2.048007848270012149e-18
8.979979979979980271e+02,1.827864092898511530e-19,2.058936538448236361e-18
8.992492492492492602e+02,1.850300411576021251e-19,2.069980969819530875e-18
9.005005005005004932e+02,1.873117088346647789e-19,2.081142965124266638e-18
9.017517517517517263e+02,1.896322566719244878e-19,2.092424384988745501e-18
9.030030030030029593e+02,1.919925522992069319e-19,2.103827128897427368e-18
9.042542542542541923e+02,1.943934873932716006e-19,2.115353136194617534e-18
9.055055055055054254e+02,1.968359784753247453e-19,2.127004387116656512e-18
9.067567567567567721e+02,1.993209677393443227e-19,2.138782903855668533e-18
9.080080080080080052e+02,2.018494239125776457e-19,2.150690751655958798e-18
9.092592592592592382e+02,2.044223431496392175e-19,2.162730039944225820e-18
9.105105105105105849e+02,2.070407499617045223e-19,2.174902923494753664e-18
9.117617617617618180e+02,2.097056981823723423e-19,2.187211603630825147e-18
9.130130130130130510e+02,2.124182719718549824e-19,2.199658329463668341e-18
9.142642642642642841e+02,2.151795868612196531e-19,2.212245399170211319e-18
9.155155155155155171e+02,2.179907908385179625e-19,2.224975161311093860e-18
9.167667667667667502e+02,2.208530654787110554e-19,2.237850016190323528e-18
9.180180180180179832e+02,2.237676271194150087e-19,2.250872417258113412e-18
9.192692692692692162e+02,2.267357280845800724e-19,2.264044872558431876e-18
9.205205205205205630e+02,2.297586579583403361e-19,2.277369946222894029e-18
9.217717717717717960e+02,2.328377449113753448e-19,2.290850260012668942e-18
9.230230230230230291e+02,2.359743570822635146e-19,2.304488494910169076e-18
9.242742742742742621e+02,2.391699040164168089e-19,2.318287392762308016e-18
9.255255255255254951e+02,2.424258381653493595e-19,2.332249757977259780e-18
9.267767767767767282e+02,2.457436564491572263e-19,2.346378459276651777e-18
9.280280280280280749e+02,2.491249018852534701e-19,2.360676431505250623e-18
9.292792792792793080e+02,2.525711652865662217e-19,2.375146677500275916e-18
9.305305305305305410e+02,2.560840870325769623e-19,2.389792270022540200e-18
9.317817817817817740e+02,2.596653589167672339e-19,2.404616353751738579e-18
9.330330330330330071e+02,2.633167260742308832e-19,2.419622147348263427e-18
9.342842842842842401e+02,2.670399889934206042e-19,2.434812945584041329e-18
9.355355355355355869e+02,2.708370056162219600e-19,2.450192121544996139e-18
9.367867867867868199e+02,2.747096935307730658e-19,2.465763128907825584e-18
9.380380380380380529e+02,2.786600322617070531e-19,2.481529504293903271e-18
9.392892892892892860e+02,2.826900656627473095e-19,2.497494869703216176e-18
9.405405405405405190e+02,2.868019044168787138e-19,2.513662935031392539e-18
9.417917917917917521e+02,2.909977286496072631e-19,2.530037500672967887e-18
9.430430430430430988e+02,2.952797906611390361e-19,2.546622460214177906e-18
9.442942942942943318e+02,2.996504177836528328e-19,2.563421803218708262e-18
9.455455455455455649e+02,3.041120153701952478e-19,2.580439618109956609e-18
9.467967967967967979e+02,3.086670699221055733e-19,2.597680095153493421e-18
9.480480480480480310e+02,3.133181523622981661e-19,2.615147529543610861e-18
9.492992992992992640e+02,3.180679214621430718e-19,2.632846324597897450e-18
9.505505505505504971e+02,3.229191274301776793e-19,2.650780995064095599e-18
9.518018018018018438e+02,3.278746156713368423e-19,2.668956170543476369e-18
9.530530530530530768e+02,3.329373307259515644e-19,2.687376599035296673e-18
9.543043043043043099e+02,3.381103203983002620e-19,2.706047150606995441e-18
9.555555555555555429e+02,3.433967400851132510e-19,2.724972821195000182e-18
9.568068068068067760e+02,3.487998573150450924e-19,2.744158736541161393e-18
9.580580580580580090e+02,3.543230565108494881e-19,2.763610156270118432e-18
9.593093093093093557e+02,3.599698439866840298e-19,2.783332478113016028e-18
9.605605605605605888e+02,3.657438531937600518e-19,2.803331242283193624e-18
9.618118118118118218e+02,3.716488502284060232e-19,2.823612136009787485e-18
9.630630630630630549e+02,3.776887396174798750e-19,2.844180998235294932e-18
9.643143143143142879e+02,3.838675703970147054e-19,2.865043824483376140e-18
9.655655655655655210e+02,3.901895425010418582e-19,2.886206771903536814e-18
9.668168168168168677e+02,3.966590134785692083e-19,2.907676164499346977e-18
9.680680680680681007e+02,4.032805055579123715e-19,2.929458498547290621e-18
9.693193193193193338e+02,4.100587130788140640e-19,2.951560448213487320e-18
9.705705705705705668e+02,4.169985103141112479e-19,2.973988871375739932e-18
9.718218218218217999e+02,4.241049597041926200e-19,2.996750815658708023e-18
9.730730730730730329e+02,4.313833205289949798e-19,3.019853524690143766e-18
9.743243243243243796e+02,4.388390580439894886e-19,3.043304444586477590e-18
9.755755755755756127e+02,4.464778531083366283e-19,3.067111230676125986e-18
9.768268268268268457e+02,4.543056123353991997e-19,3.091281754469408095e-18
9.780780780780780788e+02,4.623284787977364248e-19,3.115824110883798235e-18
9.793293293293293118e+02,4.705528433210424192e-19,3.140746625733848196e-18
9.805805805805805448e+02,4.789853564037894995e-19,3.166057863495049955e-18
9.818318318318317779e+02,4.876329408019510487e-19,3.191766635351267318e-18
9.830830830830831246e+02,4.965028048209112204e-19,3.217882007535414262e-18
9.843343343343343577e+02,5.056024563596645455e-19,3.244413309973311646e-18
9.855855855855855907e+02,5.149397177556112320e-19,3.271370145240720915e-18
9.868368368368368237e+02,5.245227414816881693e-19,3.298762397843591232e-18
9.880880880880880568e+02,5.343600267513571147e-19,3.326600243831743620e-18
9.893393393393392898e+02,5.444604370909144031e-19,3.354894160755966914e-18
9.905905905905906366e+02,5.548332189430371481e-19,3.383654937978739862e-18
9.918418418418418696e+02,5.654880213700477683e-19,3.412893687348287235e-18
9.930930930930931027e+02,5.764349169305632718e-19,3.442621854245784866e-18
9.943443443443443357e+02,5.876844238085877626e-19,3.472851229014952290e-18
9.955955955955955687e+02,5.992475292801002182e-19,3.503593958783019403e-18
9.968468468468468018e+02,6.111357146085140564e-19,3.534862559681237286e-18
9.980980980980981485e+02,6.233609814674411331e-19,3.566669929472710896e-18
9.993493493493493816e+02,6.359358799965780811e-19,3.599029360594050931e-18
1.000600600600600615e+03,6.488735386047654797e-19,3.631954553616497857e-18
1.001851851851851848e+03,6.621876956430751181e-19,3.665459631130757454e-18
1.003103103103103081e+03,6.758927330802526300e-19,3.699559152057920636e-18
1.004354354354354314e+03,6.900037123233927298e-19,3.734268126387354995e-18
1.005605605605605660e+03,7.045364123377787352e-19,3.769602030339605187e-18
1.006856856856856894e+03,7.195073702321847445e-19,3.805576821949995751e-18
1.008108108108108127e+03,7.349339244891638151e-19,3.842208957065284285e-18
1.009359359359359360e+03,7.508342610341849011e-19,3.879515405741752367e-18
1.010610610610610593e+03,7.672274623532931013e-19,3.917513669029061792e-18
1.011861861861861826e+03,7.841335598858273538e-19,3.956221796118636959e-18
1.013113113113113059e+03,8.015735899374201955e-19,3.995658401829753682e-18
1.014364364364364405e+03,8.195696533784962196e-19,4.035842684399153787e-18
1.015615615615615638e+03,8.381449794154963565e-19,4.076794443532185597e-18
1.016866866866866872e+03,8.573239937459235389e-19,4.118534098664081848e-18
1.018118118118118105e+03,8.771323914342390173e-19,4.161082707369098965e-18
1.019369369369369338e+03,8.975972148739360869e-19,4.204461983842749225e-18
1.020620620620620571e+03,9.187469372320167435e-19,4.248694317368132439e-18
1.021871871871871917e+03,9.406115518055327557e-19,4.293802790660443328e-18
1.023123123123123150e+03,9.632226677565593275e-19,4.339811197964865873e-18
1.024374374374374383e+03,9.866136127317812885e-19,4.386744062760877698e-18
1.025625625625625617e+03,1.010819542916205077e-18,4.434626654900414236e-18
1.026876876876876850e+03,1.035877561118045008e-18,4.483485006978515161e-18
1.028128128128128083e+03,1.061826843533108458e-18,4.533345929700862521e-18
1.029379379379379316e+03,1.088708775893432260e-18,4.584237025974423472e-18
1.030630630630630549e+03,1.116567099765773459e-18,4.636186703402284412e-18
1.031881881881881782e+03,1.145448069832410904e-18,4.689224184813006574e-18
1.033133133133133015e+03,1.175400623058893539e-18,4.743379516395403597e-18
1.034384384384384248e+03,1.206476560732187051e-18,4.798683572941856524e-18
1.035635635635635481e+03,1.238730744438311654e-18,4.855168059625303878e-18
1.036886886886886941e+03,1.272221307141179041e-18,4.912865509644649018e-18
1.038138138138138174e+03,1.307009880625288779e-18,4.971809276970253505e-18
1.039389389389389407e+03,1.343161840673716337e-18,5.032033523301533359e-18
1.040640640640640640e+03,1.380746571470741126e-18,5.093573198211497237e-18
1.041891891891891873e+03,1.419837750845406795e-18,5.156464011294612420e-18
1.043143143143143106e+03,1.460513658109305072e-18,5.220742394952447213e-18
1.044394394394394340e+03,1.502857506388105532e-18,5.286445456240556675e-18
1.045645645645645800e+03,1.546957801503744690e-18,5.353610915958606959e-18
1.046896896896897033e+03,1.592908729630514396e-18,5.422277032885166450e-18
1.048148148148148266e+03,1.640810576125773233e-18,5.492482510737143335e-18
1.049399399399399499e+03,1.690770178121290575e-18,5.564266385060546283e-18
1.050650650650650732e+03,1.742901413655937807e-18,5.637667886830505147e-18
1.051901901901901965e+03,1.797325730330911011e-18,5.712726279042298192e-18
1.053153153153153198e+03,1.854172716672969010e-18,5.789480662002182809e-18
1.054404404404404431e+03,1.913580719596770436e-18,5.867969742366288191e-18
1.055655655655655664e+03,1.975697511557329834e-18,5.948231560211328237e-18
1.056906906906906897e+03,2.040681011174238878e-18,6.030303167540242218e-18
1.058158158158158130e+03,2.108700061278456846e-18,6.114220250606455230e-18
1.059409409409409363e+03,2.179935268472550109e-18,6.200016687266573035e-18
1.060660660660660596e+03,2.254579908387366779e-18,6.287724029213964382e-18
1.061911911911911830e+03,2.332840900846505921e-18,6.377370897382676160e-18
1.063163163163163063e+03,2.414939859086552528e-18,6.468982277007890898e-18
1.064414414414414296e+03,2.501114216996267707e-18,6.562578696754307109e-18
1.065665665665665529e+03,2.591618437989016624e-18,6.658175273936584291e-18
1.066916916916916762e+03,2.686725308559857206e-18,6.755780605116294350e-18
1.068168168168168222e+03,2.786727318733636095e-18,6.855395478218097886e-18
1.069419419419419455e+03,2.891938130403388347e-18,6.957011378717807144e-18
1.070670670670670688e+03,3.002694132883217791e-18,7.060608758361518043e-18
1.071921921921921921e+03,3.119356082726085571e-18,7.166155030225034622e-18
1.073173173173173154e+03,3.242310821825229815e-18,7.273602248667645142e-18
1.074424424424424387e+03,3.371973063820828952e-18,7.382884426823116251e-18
1.075675675675675620e+03,3.508787233627246442e-18,7.493914437675385993e-18
1.076926926926927081e+03,3.653229338165788674e-18,7.606580437466819164e-18
1.078178178178178314e+03,3.805808837762077795e-18,7.720741742206975717e-18
1.079429429429429547e+03,3.967070476680834088e-18,7.836224079453203494e-18
1.080680680680680780e+03,4.137596017371281689e-18,7.952814128463353603e-18
1.081931931931932013e+03,4.318005805516712079e-18,8.070253252519844579e-18
1.083183183183183246e+03,4.508960071135867166e-18,8.188230318085451076e-18
1.084434434434434479e+03,4.711159843851113944e-18,8.306373487069684406e-18
1.085685685685685712e+03,4.925347326970908752e-18,8.424240861736392507e-18
1.086936936936936945e+03,5.152305534059024452e-18,8.541309857916606721e-18
1.088188188188188178e+03,5.392856941922561992e-18,8.656965182951157035e-18
1.089439439439439411e+03,5.647860854169494785e-18,8.770485302569514631e-18
1.090690690690690644e+03,5.918209098484933017e-18,8.881027298935373242e-18
1.091941941941941877e+03,6.204819597675538576e-18,8.987610054620351183e-18
1.093193193193193110e+03,6.508627259046293597e-18,9.089095749835281177e-18
1.094444444444444343e+03,6.830571519577183164e-18,9.184169739888724266e-18
1.095695695695695576e+03,7.171579768116726773e-18,9.271318995266755306e-18
1.096946946946946809e+03,7.532545745482377892e-18,9.348809448413371594e-18
1.098198198198198043e+03,7.914301907818369325e-18,9.414662811308488983e-18
1.099449449449449503e+03,8.317584642038905151e-18,9.466633719414967768e-18
1.100700700700700736e+03,8.742991166099484747e-18,9.502188433464343940e-18
1.101951951951951969e+03,9.190926961912245567e-18,9.518486801510782625e-18
1.103203203203203202e+03,9.661542716898831831e-18,9.512369754437531399e-18
1.104454454454454435e+03,1.015466004607047359e-17,9.480355272097238796e-18
1.105705705705705668e+03,1.066968579709395137e-17,9.418646489070949732e-18
1.106956956956956901e+03,1.120551558218295474e-17,9.323156354492994668e-18
1.108208208208208362e+03,1.176042840987010569e-17,9.189553925131021980e-18
1.109459459459459595e+03,1.233197596904191924e-17,9.013337808919548859e-18
1.110710710710710828e+03,1.291687226938945636e-17,8.789942282035462159e-18
1.111961961961962061e+03,1.351089191298566884e-17,8.514880913547211987e-18
1.113213213213213294e+03,1.410878808690916307e-17,8.183930847304643011e-18
1.114464464464464527e+03,1.470424408602675699e-17,7.793357920873133727e-18
1.115715715715715760e+03,1.528987425951197970e-17,7.340178349086863750e-18
1.116966966966966993e+03,1.585729099424152429e-17,6.822446780549576768e-18
1.118218218218218226e+03,1.639725285649142061e-17,6.239553515469102323e-18
1.119469469469469459e+03,1.689990451669296450e-17,5.592506389763567149e-18
1.120720720720720692e+03,1.735511110585235785e-17,4.884166628957030396e-18
1.121971971971971925e+03,1.775287836392579197e-17,4.119404590170357438e-18
1.123223223223223158e+03,1.808383642987599779e-17,3.305142532756560364e-18
1.124474474474474391e+03,1.833975149478636574e-17,2.450258705794649684e-18
1.125725725725725624e+03,1.851401867261495612e-17,1.565340348904474894e-18
1.126976976976976857e+03,1.860208436346610815e-17,6.622913619262418300e-19
1.128228228228228090e+03,1.860174935607840905e-17,-2.461794988036746035e-19
1.129479479479479323e+03,1.851331555066050489e-17,-1.147145978580840155e-18
1.130730730730730784e+03,1.833955794551392534e-17,-2.028071322996350033e-18
1.131981981981982017e+03,1.808552593907612843e-17,-2.877375920508957899e-18
1.133233233233233250e+03,1.775819953074268086e-17,-3.684913156053199344e-18
1.134484484484484483e+03,1.736604240200154148e-17,-4.442315632401472155e-18
1.135735735735735716e+03,1.691850233150857753e-17,-5.143193105549893470e-18
1.136986986986986949e+03,1.642550925773359314e-17,-5.783183139818468730e-18
1.138238238238238182e+03,1.589701387477513555e-17,-6.359871976613140087e-18
1.139489489489489642e+03,1.534259757435071424e-17,-6.872614125621762762e-18
1.140740740740740875e+03,1.477117085937485466e-17,-7.322284048814947049e-18
1.141991991991992109e+03,1.419076465414893021e-17,-7.710992718860891457e-18
1.143243243243243342e+03,1.360840892604369789e-17,-8.041797335863822561e-18
1.144494494494494575e+03,1.303008642231426087e-17,-8.318425868991271766e-18
1.145745745745745808e+03,1.246074600829474391e-17,-8.545030936894388439e-18
1.146996996996997041e+03,1.190435945681501319e-17,-8.725980990469219485e-18
1.148248248248248274e+03,1.136400676532607281e-17,-8.865691454252366875e-18
1.149499499499499507e+03,1.084197736980489164e-17,-8.968494637964788199e-18
1.150750750750750740e+03,1.033987733500579984e-17,-9.038544775039341276e-18
1.152002002002001973e+03,9.858735275141015443e-18,-9.079753246971341234e-18
1.153253253253253206e+03,9.399102127506591130e-18,-9.095748619917781738e-18
1.154504504504504439e+03,8.961141839787206897e-18,-9.089856271868607734e-18
1.155755755755755672e+03,8.544711516450072008e-18,-9.065092888927396891e-18
1.157007007007006905e+03,8.149430637756267390e-18,-9.024171779131380244e-18
1.158258258258258138e+03,7.774739682706748354e-18,-8.969515668391095524e-18
1.159509509509509371e+03,7.419948929305944223e-18,-8.903274328212579040e-18
1.160760760760760604e+03,7.084278442470957072e-18,-8.827344996422063203e-18
1.162012012012012065e+03,6.766890352282316305e-18,-8.743394071967591512e-18
1.163263263263263298e+03,6.466914521505300929e-18,-8.652878990410907906e-18
1.164514514514514531e+03,6.183468638155851399e-18,-8.557069524360811267e-18
1.165765765765765764e+03,5.915673672927323655e-18,-8.457068013731069760e-18
1.167017017017016997e+03,5.662665530873106721e-18,-8.353828226751324522e-18
1.168268268268268230e+03,5.423603613913820438e-18,-8.248172696318085856e-18
1.169519519519519463e+03,5.197676902904845967e-18,-8.140808478572100684e-18
1.170770770770770923e+03,4.984108069309328635e-18,-8.032341350996854333e-18
1.172022022022022156e+03,4.782156038891752215e-18,-7.923288513669608525e-18
1.173273273273273389e+03,4.591117353771028858e-18,-7.814089885843181279e-18
1.174524524524524622e+03,4.410326614257805110e-18,-7.705118105717608405e-18
1.175775775775775855e+03,4.239156227269855018e-18,-7.596687347863012674e-18
1.177027027027027088e+03,4.077015642657445183e-18,-7.489061073137628994e-18
1.178278278278278322e+03,3.923350221291512278e-18,-7.382458822229158658e-18
1.179529529529529555e+03,3.777639848121612510e-18,-7.277062157683074850e-18
1.180780780780780788e+03,3.639397378524641692e-18,-7.173019851573253557e-18
1.182032032032032021e+03,3.508166986192441497e-18,-7.070452407599019968e-18
1.183283283283283254e+03,3.383522464705360015e-18,-6.969455997882630766e-18
1.184534534534534487e+03,3.265065522106546465e-18,-6.870105886448297052e-18
1.185785785785785720e+03,3.152424097614270978e-18,-6.772459403498025035e-18
1.187037037037036953e+03,3.045250721595337910e-18,-6.676558527295785837e-18
1.188288288288288186e+03,2.943220933643159994e-18,-6.582432123781280426e-18
1.189539539539539419e+03,2.846031768726375771e-18,-6.490097887983255278e-18
1.190790790790790652e+03,2.753400317609383773e-18,-6.399564025870560953e-18
1.192042042042041885e+03,2.665062364874315323e-18,-6.310830710443268993e-18
1.193293293293293345e+03,2.580771105703395880e-18,-6.223891341579124125e-18
1.194544544544544578e+03,2.500295940969370641e-18,-6.138733635372475779e-18
1.195795795795795812e+03,2.423421349004032871e-18,-6.055340565380043717e-18
1.197047047047047045e+03,2.349945831580500524e-18,-5.973691175278420284e-18
1.198298298298298278e+03,2.279680931073863430e-18,-5.893761279893636935e-18
1.199549549549549511e+03,2.212450315397898701e-18,-5.815524069342899857e-18
1.200800800800800744e+03,2.148088927105185305e-18,-5.738950629095041362e-18
1.202052052052052204e+03,2.086442192944214183e-18,-5.664010387072383132e-18
1.203303303303303437e+03,2.027365290162707610e-18,-5.590671497454261777e-18
1.204554554554554670e+03,1.970722465904587764e-18,-5.518901169569908897e-18
1.205805805805805903e+03,1.916386406154581927e-18,-5.448665949165772238e-18
1.207057057057057136e+03,1.864237650820547171e-18,-5.379931958372517951e-18
1.208308308308308369e+03,1.814164051702692717e-18,-5.312665099866241108e-18
1.209559559559559602e+03,1.766060270269249342e-18,-5.246831229996029186e-18
1.210810810810810835e+03,1.719827312335340638e-18,-5.182396305023787081e-18
1.212062062062062068e+03,1.675372096920347291e-18,-5.119326504078599958e-18
1.213313313313313301e+03,1.632607056735630241e-18,-5.057588331956068993e-18
1.214564564564564535e+03,1.591449767926463324e-18,-4.997148704483355025e-18
1.215815815815815768e+03,1.551822606857877654e-18,-4.937975018815073792e-18
1.217067067067067001e+03,1.513652431892407770e-18,-4.880035210716248755e-18
1.218318318318318234e+03,1.476870288257706348e-18,-4.823297800619828712e-18
1.219569569569569467e+03,1.441411134243957841e-18,-4.767731930013655093e-18
1.220820820820820700e+03,1.407213587103294489e-18,-4.713307389508015874e-18
1.222072072072071933e+03,1.374219687148356097e-18,-4.659994639759688046e-18
1.223323323323323166e+03,1.342374678662186370e-18,-4.607764826273800862e-18
1.224574574574574626e+03,1.311626806339916273e-18,-4.556589788972341899e-18
1.225825825825825859e+03,1.281927126081989505e-18,-4.506442067301127003e-18
1.227077077077077092e+03,1.253229329051482235e-18,-4.457294901546451514e-18
1.228328328328328325e+03,1.225489577993190950e-18,-4.409122230944034289e-18
1.229579579579579558e+03,1.198666354891216260e-18,-4.361898689086411259e-18
1.230830830830830791e+03,1.172720319114373097e-18,-4.315599597067798103e-18
1.232082082082082252e+03,1.147614175265779889e-18,-4.270200954747149888e-18
1.233333333333333485e+03,1.123312550014757344e-18,-4.225679430459435009e-18
1.234584584584584718e+03,1.099781877245785408e-18,-4.182012349460526984e-18
1.235835835835835951e+03,1.076990290911667254e-18,-4.139177681352765485e-18
1.237087087087087184e+03,1.054907525025887938e-18,-4.097154026704192118e-18
1.238338338338338417e+03,1.033504820273508150e-18,-4.055920603045450450e-18
1.239589589589589650e+03,1.012754836760247450e-18,-4.015457230402201810e-18
1.240840840840840883e+03,9.926315724569922520e-19,-3.975744316499088368e-18
1.242092092092092116e+03,9.731102869309953720e-19,-3.936762841751345502e-18
1.243343343343343349e+03,9.541674299866964379e-19,-3.898494344143466829e-18
1.244594594594594582e+03,9.357805748679234500e-19,-3.860920904079293077e-18
1.245845845845845815e+03,9.179283557000040760e-19,-3.824025129275332683e-18
1.247097097097097048e+03,9.005904088745773648e-19,-3.787790139757433950e-18
1.248348348348348281e+03,8.837473181026425661e-19,-3.752199553011718809e-18
1.249599599599599514e+03,8.673805628818618888e-19,-3.717237469331725698e-18
1.250850850850850748e+03,8.514724701433066634e-19,-3.682888457396607792e-18
1.252102102102101981e+03,8.360061688603516481e-19,-3.649137540108854929e-18
1.253353353353353214e+03,8.209655474184851476e-19,-3.615970180714282119e-18
1.254604604604604447e+03,8.063352135597661257e-19,-3.583372269222505519e-18
1.255855855855855907e+03,7.921004567291907891e-19,-3.551330109141633084e-18
1.257107107107107140e+03,7.782472126630678266e-19,-3.519830404537846525e-18
1.258358358358358373e+03,7.647620300708431947e-19,-3.488860247426837926e-18
1.259609609609609606e+03,7.516320392728340647e-19,-3.458407105502132353e-18
1.260860860860860839e+03,7.388449226659311555e-19,-3.428458810202411101e-18
1.262112112112112072e+03,7.263888868987143058e-19,-3.399003545118615210e-18
1.263363363363363533e+03,7.142526366456472655e-19,-3.370029834739546961e-18
1.264614614614614766e+03,7.024253498779389350e-19,-3.341526533533607390e-18
1.265865865865865999e+03,6.908966545357424324e-19,-3.313482815362936216e-18
1.267117117117117232e+03,6.796566065131075888e-19,-3.285888163225464453e-18
1.268368368368368465e+03,6.686956688731788766e-19,-3.258732359319472080e-18
1.269619619619619698e+03,6.580046922168257528e-19,-3.232005475424580236e-18
1.270870870870870931e+03,6.475748961331959256e-19,-3.205697863592719531e-18
1.272122122122122164e+03,6.373978516655002507e-19,-3.179800147142054841e-18
1.273373373373373397e+03,6.274654647298962531e-19,-3.154303211946650122e-18
1.274624624624624630e+03,6.177699604294696428e-19,-3.129198198014296267e-18
1.275875875875875863e+03,6.083038682092813779e-19,-3.104476491344992779e-18
1.277127127127127096e+03,5.990600078018973615e-19,-3.080129716062092213e-18
1.278378378378378329e+03,5.900314759163339357e-19,-3.056149726808524608e-18
1.279629629629629562e+03,5.812116336262822476e-19,-3.032528601400087730e-18
1.280880880880880795e+03,5.725940944164834495e-19,-3.009258633728144467e-18
1.282132132132132028e+03,5.641727128486957835e-19,-2.986332326903874217e-18
1.283383383383383261e+03,5.559415738112758318e-19,-2.963742386636562506e-18
1.284634634634634494e+03,5.478949823186135375e-19,-2.941481714838276358e-18
1.285885885885885727e+03,5.400274538288818689e-19,-2.919543403447594160e-18
1.287137137137137188e+03,5.323337050505177851e-19,-2.897920728465084985e-18
1.288388388388388421e+03,5.248086452097423273e-19,-2.876607144193466880e-18
1.289639639639639654e+03,5.174473677531362463e-19,-2.855596277675464567e-18
1.290890890890890887e+03,5.102451424609183623e-19,-2.834881923322601526e-18
1.292142142142142120e+03,5.031974079480942735e-19,-2.814458037728373673e-18
1.293393393393393353e+03,4.962997645320039931e-19,-2.794318734659319268e-18
1.294644644644644814e+03,4.895479674461596859e-19,-2.774458280217814360e-18
1.295895895895896047e+03,4.829379203814543258e-19,-2.754871088170522478e-18
1.297147147147147280e+03,4.764656693369760131e-19,-2.735551715436640654e-18
1.298398398398398513e+03,4.701273967637156002e-19,-2.716494857730227546e-18
1.299649649649649746e+03,4.639194159854990284e-19,-2.697695345351216049e-18
1.300900900900900979e+03,4.578381658823214571e-19,-2.679148139119638439e-18
1.302152152152152212e+03,4.518802058222386369e-19,-2.660848326448090538e-18
1.303403403403403445e+03,4.460422108286838638e-19,-2.642791117547320384e-18
1.304654654654654678e+03,4.403209669709197088e-19,-2.624971841760235222e-18
1.305905905905905911e+03,4.347133669660093385e-19,-2.607385944019676457e-18
1.307157157157157144e+03,4.292164059813613526e-19,-2.590028981425458579e-18
1.308408408408408377e+03,4.238271776275533716e-19,-2.572896619936415007e-18
1.309659659659659610e+03,4.185428701316899376e-19,-2.555984631173229580e-18
1.310910910910910843e+03,4.133607626821556133e-19,-2.539288889328146759e-18
1.312162162162162076e+03,4.082782219360610134e-19,-2.522805368177549217e-18
1.313413413413413309e+03,4.032926986812651771e-19,-2.506530138193859106e-18
1.314664664664664542e+03,3.984017246452110020e-19,-2.490459363753017052e-18
1.315915915915915775e+03,3.936029094433213143e-19,-2.474589300434207815e-18
1.317167167167167008e+03,3.888939376600476004e-19,-2.458916292408431404e-18
1.318418418418418469e+03,3.842725660560740833e-19,-2.443436769912763818e-18
1.319669669669669702e+03,3.797366208955130611e-19,-2.428147246807185493e-18
1.320920920920920935e+03,3.752839953872883419e-19,-2.413044318211081226e-18
1.322172172172172168e+03,3.709126472351739174e-19,-2.398124658216462607e-18
1.323423423423423401e+03,3.666205962912944116e-19,-2.383385017675232051e-18
1.324674674674674634e+03,3.624059223081550454e-19,-2.368822222057847993e-18
1.325925925925926094e+03,3.582667627845057982e-19,-2.354433169380778130e-18
1.327177177177177327e+03,3.542013109006464770e-19,-2.340214828200397639e-18
1.328428428428428560e+03,3.502078135389383462e-19,-2.326164235670837120e-18
1.329679679679679793e+03,3.462845693855906736e-19,-2.312278495663679477e-18
1.330930930930931027e+03,3.424299271099107801e-19,-2.298554776947158401e-18
1.332182182182182260e+03,3.386422836174763836e-19,-2.284990311422889383e-18
1.333433433433433493e+03,3.349200823738112792e-19,-2.271582392418020136e-18
1.334684684684684726e+03,3.312618117953707301e-19,-2.258328373030925342e-18
1.335935935935935959e+03,3.276660037047569109e-19,-2.245225664528511687e-18
1.337187187187187192e+03,3.241312318472871129e-19,-2.232271734793395629e-18
1.338438438438438425e+03,3.206561104661373741e-19,-2.219464106819151994e-18
1.339689689689689658e+03,3.172392929334681756e-19,-2.206800357252046816e-18
1.340940940940940891e+03,3.138794704350158300e-19,-2.194278114977548812e-18
1.342192192192192124e+03,3.105753707058162989e-19,-2.181895059750178529e-18
1.343443443443443357e+03,3.073257568147898054e-19,-2.169648920865127433e-18
1.344694694694694590e+03,3.041294259960610731e-19,-2.157537475870253747e-18
1.345945945945945823e+03,3.009852085249773184e-19,-2.145558549317074507e-18
1.347197197197197056e+03,2.978919666368850161e-19,-2.133710011549392605e-18
1.348448448448448289e+03,2.948485934868382627e-19,-2.121989777528350102e-18
1.349699699699699750e+03,2.918540121484627393e-19,-2.110395805692588545e-18
1.350950950950950983e+03,2.889071746503290377e-19,-2.098926096852416972e-18
1.352202202202202216e+03,2.860070610482214212e-19,-2.087578693116757701e-18
1.353453453453453449e+03,2.831526785318132757e-19,-2.076351676851874588e-18
1.354704704704704682e+03,2.803430605642773104e-19,-2.065243169670712786e-18
1.355955955955955915e+03,2.775772660534783139e-19,-2.054251331451927865e-18
1.357207207207207375e+03,2.748543785534159620e-19,-2.043374359387539652e-18
1.358458458458458608e+03,2.721735054946854195e-19,-2.032610487058342948e-18
1.359709709709709841e+03,2.695337774427429297e-19,-2.021957983536077129e-18
1.360960960960961074e+03,2.669343473828500112e-19,-2.011415152511545711e-18
1.362212212212212307e+03,2.643743900306088820e-19,-2.000980331447810767e-18
1.363463463463463540e+03,2.618531011670385655e-19,-1.990651890757618229e-18
1.364714714714714773e+03,2.593696969972234145e-19,-1.980428233004336491e-18
1.365965965965966006e+03,2.569234135315616059e-19,-1.970307792125555884e-18
1.367217217217217240e+03,2.545135059887309500e-19,-1.960289032678696905e-18
1.368468468468468473e+03,2.521392482195000519e-19,-1.950370449107885734e-18
1.369719719719719706e+03,2.497999321505561912e-19,-1.940550565031401743e-18
1.370970970970970939e+03,2.474948672475670317e-19,-1.930827932549069188e-18
1.372222222222222172e+03,2.452233799967237469e-19,-1.921201131568957484e-18
1.373473473473473405e+03,2.429848134040326491e-19,-1.911668769152737208e-18
1.374724724724724638e+03,2.407785265116828364e-19,-1.902229478879167952e-18
1.375975975975975871e+03,2.386038939308135173e-19,-1.892881920225081332e-18
1.377227227227227104e+03,2.364603053900623580e-19,-1.883624777963368023e-18
1.378478478478478337e+03,2.343471652992829347e-19,-1.874456761577394529e-18
1.379729729729729570e+03,2.322638923278537541e-19,-1.865376604691353542e-18
1.380980980980981030e+03,2.302099189970315397e-19,-1.856383064516071829e-18
1.382232232232232263e+03,2.281846912858100539e-19,-1.847474921309769490e-18
1.383483483483483496e+03,2.261876682497785618e-19,-1.838650977853314537e-18
1.384734734734734729e+03,2.242183216524992256e-19,-1.829910058939552555e-18
1.385985985985985963e+03,2.222761356089299376e-19,-1.821251010876258077e-18
1.387237237237237196e+03,2.203606062404463565e-19,-1.812672701002280898e-18
1.388488488488488656e+03,2.184712413410434369e-19,-1.804174017216541414e-18
1.389739739739739889e+03,2.166075600542909179e-19,-1.795753867519410466e-18
1.390990990990991122e+03,2.147690925606625688e-19,-1.787411179566162455e-18
1.392242242242242355e+03,2.129553797748555711e-19,-1.779144900232116534e-18
1.393493493493493588e+03,2.111659730527345416e-19,-1.770953995189098041e-18
1.394744744744744821e+03,2.094004339075589479e-19,-1.762837448492918166e-18
1.395995995995996054e+03,2.076583337351578889e-19,-1.754794262181524049e-18
1.397247247247247287e+03,2.059392535477290448e-19,-1.746823455883500364e-18
1.398498498498498520e+03,2.042427837159554296e-19,-1.738924066436615394e-18
1.399749749749749753e+03,2.025685237191528865e-19,-1.731095147516156806e-18
1.401001001001000986e+03,2.009160819031471830e-19,-1.723335769272689265e-18
1.402252252252252219e+03,1.992850752456292265e-19,-1.715645017979052661e-18
1.403503503503503453e+03,1.976751291287098159e-19,-1.708021995686259286e-18
1.404754754754754686e+03,1.960858771184315740e-19,-1.700465819888065980e-18
1.406006006006005919e+03,1.945169607509950811e-19,-1.692975623193971831e-18
1.407257257257257152e+03,1.929680293254650891e-19,-1.685550553010387796e-18
1.408508508508508385e+03,1.914387397027335995e-19,-1.678189771229739219e-18
1.409759759759759618e+03,1.899287561105290388e-19,-1.670892453927303274e-18
1.411011011011010851e+03,1.884377499542594113e-19,-1.663657791065520940e-18
1.412262262262262311e+03,1.869653996334960446e-19,-1.656484986205608251e-18
1.413513513513513544e+03,1.855113903639036711e-19,-1.649373256226238213e-18
1.414764764764764777e+03,1.840754140044326810e-19,-1.642321831049090974e-18
1.416016016016016010e+03,1.826571688896030999e-19,-1.635329953371117973e-18
1.417267267267267243e+03,1.812563596666974007e-19,-1.628396878403260656e-18
1.418518518518518476e+03,1.798726971377157798e-19,-1.621521873615535929e-18
1.419769769769769937e+03,1.785058981059167830e-19,-1.614704218488216217e-18
1.421021021021021170e+03,1.771556852268098873e-19,-1.607943204269020735e-18
1.422272272272272403e+03,1.758217868634381874e-19,-1.601238133736083779e-18
1.423523523523523636e+03,1.745039369458228015e-19,-1.594588320966592760e-18
1.424774774774774869e+03,1.732018748344234408e-19,-1.587993091110903394e-18
1.426026026026026102e+03,1.719153451874917431e-19,-1.581451780172008396e-18
1.427277277277277335e+03,1.706440978321864271e-19,-1.574963734790195981e-18
1.428528528528528568e+03,1.693878876393335835e-19,-1.568528312032780488e-18
1.429779779779779801e+03,1.681464744017084317e-19,-1.562144879188731809e-18
1.431031031031031034e+03,1.669196227157318957e-19,-1.555812813568106919e-18
1.432282282282282267e+03,1.657071018664718339e-19,-1.549531502306143325e-18
1.433533533533533500e+03,1.645086857158409287e-19,-1.543300342171881718e-18
1.434784784784784733e+03,1.633241525938928424e-19,-1.537118739381199000e-18
1.436036036036035966e+03,1.621532851931195029e-19,-1.530986109414152901e-18
1.437287287287287199e+03,1.609958704656530754e-19,-1.524901876836496999e-18
1.438538538538538432e+03,1.598516995232828268e-19,-1.518865475125274854e-18
1.439789789789789893e+03,1.587205675402012724e-19,-1.512876346498385230e-18
1.441041041041041126e+03,1.576022736583894005e-19,-1.506933941747994350e-18
1.442292292292292359e+03,1.564966208955669717e-19,-1.501037720077732419e-18
1.443543543543543592e+03,1.554034160556220184e-19,-1.495187148943534192e-18
1.444794794794794825e+03,1.543224696414481671e-19,-1.489381703898063125e-18
1.446046046046046058e+03,1.532535957701129610e-19,-1.483620868438600274e-18
1.447297297297297291e+03,1.521966120902892234e-19,-1.477904133858332843e-18
1.448548548548548524e+03,1.511513397018791154e-19,-1.472230999100939538e-18
1.449799799799799757e+03,1.501176030777623989e-19,-1.466600970618378554e-18
1.451051051051050990e+03,1.490952299876116794e-19,-1.461013562231837358e-18
1.452302302302302223e+03,1.480840514237034419e-19,-1.455468294995705799e-18
1.453553553553553456e+03,1.470839015286757687e-19,-1.449964697064559828e-18
1.454804804804804917e+03,1.460946175251625631e-19,-1.444502303563010430e-18
1.456056056056056150e+03,1.451160396472621005e-19,-1.439080656458421412e-18
1.457307307307307383e+03,1.441480110737723321e-19,-1.433699304436348158e-18
1.458558558558558616e+03,1.431903778631534582e-19,-1.428357802778699442e-18
1.459809809809809849e+03,1.422429888901548182e-19,-1.423055713244489051e-18
1.461061061061061082e+03,1.413056957840699619e-19,-1.417792603953178161e-18
1.462312312312312315e+03,1.403783528685605351e-19,-1.412568049270483290e-18
1.463563563563563548e+03,1.394608171030139032e-19,-1.407381629696639240e-18
1.464814814814814781e+03,1.385529480253809971e-19,-1.402232931757016287e-18
1.466066066066066014e+03,1.376546076964589912e-19,-1.397121547895064477e-18
1.467317317317317247e+03,1.367656606455741809e-19,-1.392047076367517615e-18
1.468568568568568480e+03,1.358859738176231221e-19,-1.387009121141787229e-18
1.469819819819819713e+03,1.350154165214381123e-19,-1.382007291795523013e-18
1.471071071071071174e+03,1.341538603794343781e-19,-1.377041203418257315e-18
1.472322322322322407e+03,1.333011792785070228e-19,-1.372110476515108838e-18
1.473573573573573640e+03,1.324572493221386859e-19,-1.367214736912475428e-18
1.474824824824824873e+03,1.316219487836860396e-19,-1.362353615665678422e-18
1.476076076076076106e+03,1.307951580608130092e-19,-1.357526748968519817e-18
1.477327327327327339e+03,1.299767596310356631e-19,-1.352733778064685839e-18
1.478578578578578572e+03,1.291666380083502466e-19,-1.347974349160972043e-18
1.479829829829829805e+03,1.283646797009140493e-19,-1.343248113342279514e-18
1.481081081081081038e+03,1.275707731697487000e-19,-1.338554726488336879e-18
1.482332332332332271e+03,1.267848087884396741e-19,-1.333893849192118113e-18
1.483583583583583504e+03,1.260066788038023994e-19,-1.329265146679901420e-18
1.484834834834834737e+03,1.252362772974913954e-19,-1.324668288732949367e-18
1.486086086086086198e+03,1.244735001485230967e-19,-1.320102949610750370e-18
1.487337337337337431e+03,1.237182449966917058e-19,-1.315568807975811127e-18
1.488588588588588664e+03,1.229704112068500065e-19,-1.311065546819938954e-18
1.489839839839839897e+03,1.222298998340343829e-19,-1.306592853391996110e-18
1.491091091091091130e+03,1.214966135894103821e-19,-1.302150419127087009e-18
1.492342342342342363e+03,1.207704568070165747e-19,-1.297737939577144627e-18
1.493593593593593596e+03,1.200513354112868991e-19,-1.293355114342889513e-18
1.494844844844844829e+03,1.193391568853272019e-19,-1.289001647007114420e-18
1.496096096096096062e+03,1.186338302399321522e-19,-1.284677245069295134e-18
1.497347347347347295e+03,1.179352659833147509e-19,-1.280381619881456619e-18
1.498598598598598528e+03,1.172433760915377690e-19,-1.276114486585303539e-18
1.499849849849849761e+03,1.165580739796229688e-19,-1.271875564050566041e-18
1.501101101101100994e+03,1.158792744733228931e-19,-1.267664574814535183e-18
1.502352352352352455e+03,1.152068937815369984e-19,-1.263481245022767788e-18
1.503603603603603688e+03,1.145408494693571099e-19,-1.259325304370936265e-18
1.504854854854854921e+03,1.138810604317224812e-19,-1.255196486047781022e-18
1.506106106106106154e+03,1.132274468676719645e-19,-1.251094526679163936e-18
1.507357357357357387e+03,1.125799302551770419e-19,-1.247019166273185511e-18
1.508608608608608620e+03,1.119384333265390328e-19,-1.242970148166340112e-18
1.509859859859859853e+03,1.113028800443394293e-19,-1.238947218970700422e-18
1.511111111111111086e+03,1.106731955779243395e-19,-1.234950128522083348e-18
1.512362362362362319e+03,1.100493062804159377e-19,-1.230978629829212592e-18
1.513613613613613552e+03,1.094311396662304584e-19,-1.227032479023814922e-18
1.514864864864864785e+03,1.088186243890961855e-19,-1.223111435311665536e-18
1.516116116116116018e+03,1.082116902205544405e-19,-1.219215260924538801e-18
1.517367367367367478e+03,1.076102680289333152e-19,-1.215343721073052638e-18
1.518618618618618711e+03,1.070142897587829042e-19,-1.211496583900393423e-18
1.519869869869869945e+03,1.064236884107587621e-19,-1.207673620436890818e-18
1.521121121121121178e+03,1.058383980219437384e-19,-1.203874604555432297e-18
1.522372372372372411e+03,1.052583536465964181e-19,-1.200099312927695039e-18
1.523623623623623644e+03,1.046834913373171756e-19,-1.196347524981184404e-18
1.524874874874874877e+03,1.041137481266193483e-19,-1.192619022857054526e-18
1.526126126126126110e+03,1.035490620088972243e-19,-1.188913591368696193e-18
1.527377377377377343e+03,1.029893719227808042e-19,-1.185231017961081243e-18
1.528628628628628576e+03,1.024346177338671434e-19,-1.181571092670840149e-18
1.529879879879879809e+03,1.018847402178194857e-19,-1.177933608087057792e-18
1.531131131131131042e+03,1.013396810438267032e-19,-1.174318359312786252e-18
1.532382382382382275e+03,1.007993827584111486e-19,-1.170725143927234379e-18
1.533633633633633735e+03,1.002637887695799371e-19,-1.167153761948646643e-18
1.534884884884884968e+03,9.973284333130906427e-20,-1.163604015797837579e-18
1.536136136136136201e+03,9.920649152835298365e-20,-1.160075710262377386e-18
1.537387387387387435e+03,9.868467926137237039e-20,-1.156568652461413086e-18
1.538638638638638668e+03,9.816735323237217724e-20,-1.153082651811113096e-18
1.539889889889889901e+03,9.765446093044278349e-20,-1.149617519990726383e-18
1.541141141141141134e+03,9.714595061779498059e-20,-1.146173070909222459e-18
1.542392392392392367e+03,9.664177131608721776e-20,-1.142749120672543642e-18
1.543643643643643600e+03,9.614187279303069899e-20,-1.139345487551403317e-18
1.544894894894894833e+03,9.564620554927270478e-20,-1.135961991949664281e-18
1.546146146146146066e+03,9.515472080554729308e-20,-1.132598456373260786e-18
1.547397397397397299e+03,9.466737049008887768e-20,-1.129254705399660218e-18
1.548648648648648759e+03,9.418410722630209971e-20,-1.125930565647852877e-18
1.549899899899899992e+03,9.370488432068288851e-20,-1.122625865748865215e-18
1.551151151151151225e+03,9.322965575098233420e-20,-1.119340436316768429e-18
1.552402402402402458e+03,9.275837615461216810e-20,-1.116074109920201086e-18
1.553653653653653691e+03,9.229100081728089735e-20,-1.112826721054361666e-18
1.554904904904904924e+03,9.182748566186088259e-20,-1.109598106113497041e-18
1.556156156156156158e+03,9.136778723747575413e-20,-1.106388103363841427e-18
1.557407407407407391e+03,9.091186270880756459e-20,-1.103196552917029499e-18
1.558658658658658624e+03,9.045966984561578187e-20,-1.100023296703951119e-18
1.559909909909909857e+03,9.001116701246454734e-20,-1.096868178449049223e-18
1.561161161161161090e+03,8.956631315865360113e-20,-1.093731043645054706e-18
1.562412412412412323e+03,8.912506780834674762e-20,-1.090611739528134219e-18
1.563663663663663556e+03,8.868739105089713901e-20,-1.087510115053474769e-18
1.564914914914915016e+03,8.825324353135838695e-20,-1.084426020871246188e-18
1.566166166166166249e+03,8.782258644118622096e-20,-1.081359309302998863e-18
1.567417417417417482e+03,8.739538150911698323e-20,-1.078309834318420842e-18
1.568668668668668715e+03,8.697159099222711281e-20,-1.075277451512504394e-18
1.569919919919919948e+03,8.655117766716382078e-20,-1.072262018083073487e-18
1.571171171171171181e+03,8.613410482154712512e-20,-1.069263392808695106e-18
1.572422422422422414e+03,8.572033624553628774e-20,-1.066281436026938972e-18
1.573673673673673647e+03,8.530983622356013607e-20,-1.063316009613009923e-18
1.574924924924924881e+03,8.490256952620432398e-20,-1.060366976958712141e-18
1.576176176176176114e+03,8.449850140225555587e-20,-1.057434202951772557e-18
1.577427427427427347e+03,8.409759757089669541e-20,-1.054517553955490516e-18
1.578678678678678580e+03,8.369982421404982177e-20,-1.051616897788716384e-18
1.579929929929930040e+03,8.330514796886672784e-20,-1.048732103706165464e-18
1.581181181181181273e+03,8.291353592035914469e-20,-1.045863042379035823e-18
1.582432432432432506e+03,8.252495559416961907e-20,-1.043009585875945434e-18
1.583683683683683739e+03,8.213937494947785599e-20,-1.040171607644174201e-18
1.584934934934934972e+03,8.175676237204084127e-20,-1.037348982491207575e-18
1.586186186186186205e+03,8.137708666736216986e-20,-1.034541586566568875e-18
1.587437437437437438e+03,8.100031705399031521e-20,-1.031749297343950123e-18
1.588688688688688671e+03,8.062642315694060347e-20,-1.028971993603618291e-18
1.589939939939939904e+03,8.025537500124006211e-20,-1.026209555415106001e-18
1.591191191191191137e+03,7.988714300559112240e-20,-1.023461864120169941e-18
1.592442442442442371e+03,7.952169797615368236e-20,-1.020728802316028718e-18
1.593693693693693604e+03,7.915901110043999314e-20,-1.018010253838848786e-18
1.594944944944944837e+03,7.879905394132306685e-20,-1.015306103747501535e-18
1.596196196196196297e+03,7.844179843115468187e-20,-1.012616238307572294e-18
1.597447447447447530e+03,7.808721686599048195e-20,-1.009940544975614122e-18
1.598698698698698763e+03,7.773528189992049585e-20,-1.007278912383650043e-18
1.599949949949949996e+03,7.738596653950291088e-20,-1.004631230323915055e-18
1.601201201201201229e+03,7.703924413829907821e-20,-1.001997389733837539e-18
1.602452452452452462e+03,7.669508839150645164e-20,-9.993772826812450364e-19
1.603703703703703695e+03,7.635347333068973681e-20,-9.967708023498092211e-19
1.604954954954954928e+03,7.601437331860527946e-20,-9.941778430247010006e-19
1.606206206206206161e+03,7.567776304411963168e-20,-9.915983000784778767e-19
1.607457457457457394e+03,7.534361751721834800e-20,-9.890320699571789244e-19
1.608708708708708627e+03,7.501191206410448161e-20,-9.864790501666362445e-19
1.609959959959959860e+03,7.468262232238366324e-20,-9.839391392589932622e-19
1.611211211211211321e+03,7.435572423633531718e-20,-9.814122368194254391e-19
1.612462462462462554e+03,7.403119405226777570e-20,-9.788982434530703356e-19
1.613713713713713787e+03,7.370900831395441487e-20,-9.763970607721402503e-19
1.614964964964965020e+03,7.338914385815183503e-20,-9.739085913832457492e-19
1.616216216216216253e+03,7.307157781019512662e-20,-9.714327388748950324e-19
1.617467467467467486e+03,7.275628757967223149e-20,-9.689694078051934044e-19
1.618718718718718719e+03,7.244325085617238036e-20,-9.665185036897162710e-19
1.619969969969969952e+03,7.213244560510980999e-20,-9.640799329895724186e-19
1.621221221221221185e+03,7.182385006361935375e-20,-9.616536030996342706e-19
1.622472472472472418e+03,7.151744273652398963e-20,-9.592394223369528412e-19
1.623723723723723651e+03,7.121320239237189033e-20,-9.568372999293394746e-19
1.624974974974974884e+03,7.091110805954187996e-20,-9.544471460041157178e-19
1.626226226226226117e+03,7.061113902241612973e-20,-9.520688715770307490e-19
1.627477477477477578e+03,7.031327481761892513e-20,-9.497023885413430889e-19
1.628728728728728811e+03,7.001749523031954244e-20,-9.473476096570611997e-19
1.629979979979980044e+03,6.972378029059807917e-20,-9.450044485403366188e-19
1.631231231231231277e+03,6.943211026987421414e-20,-9.426728196530206038e-19
1.632482482482482510e+03,6.914246567739587609e-20,-9.403526382923669555e-19
1.633733733733733743e+03,6.885482725678829023e-20,-9.380438205808885298e-19
1.634984984984984976e+03,6.856917598266053777e-20,-9.357462834563547280e-19
1.636236236236236209e+03,6.828549305727076009e-20,-9.334599446619430617e-19
1.637487487487487442e+03,6.800375990724599916e-20,-9.311847227365201397e-19
1.638738738738738675e+03,6.772395818035867221e-20,-9.289205370050769220e-19
1.639989989989989908e+03,6.744606974235590132e-20,-9.266673075692872338e-19
1.641241241241241141e+03,6.717007667384314204e-20,-9.244249552982155385e-19
1.642492492492492602e+03,6.689596126721845199e-20,-9.221934018191437331e-19
1.643743743743743835e+03,6.662370602365906056e-20,-9.199725695085406560e-19
1.644994994994995068e+03,6.635329365015698950e-20,-9.177623814831504231e-19
1.646246246246246301e+03,6.608470705660478395e-20,-9.155627615912159658e-19
1.647497497497497534e+03,6.581792935292835638e-20,-9.133736344038192789e-19
1.648748748748748767e+03,6.555294384626800300e-20,-9.111949252063476258e-19
1.650000000000000000e+03,6.528973403820561830e-20,-9.090265599900837720e-19
