# wavelength(um), Re_sigma(S), Im_sigma(S)
2.999999999999999889e-01,5.287033333689830769e-04,9.353543657740014496e-05
3.009999999999999898e-01,5.308850959435287668e-04,9.298510230561453295e-05
3.019999999999999907e-01,5.332055956765820908e-04,9.229786693269284342e-05
3.029999999999999916e-01,5.356527549289982889e-04,9.145531512390407377e-05
3.039999999999999925e-01,5.382127154135018122e-04,9.043967038221384478e-05
3.049999999999999933e-01,5.408687891606993661e-04,8.923356001973179125e-05
3.059999999999999942e-01,5.436010053472824059e-04,8.782002864939124570e-05
3.069999999999999951e-01,5.463866486354032517e-04,8.618322495691691616e-05
3.079999999999999960e-01,5.491995839885644272e-04,8.430904775406759550e-05
3.089999999999999969e-01,5.520091997710546315e-04,8.218539007809463545e-05
3.099999999999999978e-01,5.547815867483143907e-04,7.980311100962410873e-05
3.109999999999999987e-01,5.574780528469216404e-04,7.715793876922371394e-05
3.119999999999999996e-01,5.600562082999082118e-04,7.425044497580608228e-05
3.130000000000000004e-01,5.624697678325745517e-04,7.108883998745029094e-05
3.140000000000000013e-01,5.646688891966716384e-04,6.769014543693854487e-05
3.150000000000000022e-01,5.666034164696412672e-04,6.408264400047974832e-05
3.160000000000000031e-01,5.682231566624930614e-04,6.030714340123332202e-05
3.170000000000000040e-01,5.694826916543719664e-04,5.641988948781287601e-05
3.180000000000000049e-01,5.703450562626442713e-04,5.249240690993609623e-05
3.190000000000000058e-01,5.707882194239710964e-04,4.861201049927849072e-05
3.200000000000000067e-01,5.708104454558934632e-04,4.487901242518015603e-05
3.210000000000000075e-01,5.704370423227764957e-04,4.140093665429353130e-05
3.220000000000000084e-01,5.697267273691500452e-04,3.828587453519954415e-05
3.230000000000000093e-01,5.687721060722247292e-04,3.563008250446452607e-05
3.240000000000000102e-01,5.676992178971862566e-04,3.350582438379678729e-05
3.250000000000000111e-01,5.666603198652899343e-04,3.194838616673828215e-05
3.260000000000000120e-01,5.658201094637112889e-04,3.094654819563826188e-05
3.270000000000000129e-01,5.653399847176060564e-04,3.043685328275275867e-05
3.280000000000000138e-01,5.653596856064242596e-04,3.030886171642256449e-05
3.290000000000000147e-01,5.659823203074555026e-04,3.041104428462860433e-05
3.300000000000000155e-01,5.672651689168343612e-04,3.056872669523841101e-05
3.310000000000000164e-01,5.692152904980252431e-04,3.059653150960380224e-05
3.320000000000000173e-01,5.717962755802042307e-04,3.031069443436269114e-05
3.330000000000000182e-01,5.749346576106382882e-04,2.952746739182399510e-05
3.340000000000000191e-01,5.784977658256338934e-04,2.798339799901802282e-05
3.350000000000000200e-01,5.819776751106237782e-04,2.561065492758059613e-05
3.360000000000000209e-01,5.852279670247971652e-04,2.270397515196783422e-05
3.370000000000000218e-01,5.882347255092412047e-04,1.938418537804215000e-05
3.380000000000000226e-01,5.909846020804771817e-04,1.572599935850238400e-05
3.390000000000000235e-01,5.934669997166829849e-04,1.178548980601827277e-05
3.400000000000000244e-01,5.956721383602078378e-04,7.609214988070132293e-06
3.410000000000000253e-01,5.975931526323947831e-04,3.238895258289323561e-06
3.420000000000000262e-01,5.992240609913631992e-04,-1.288662366914778331e-06
3.430000000000000271e-01,6.005620414700805305e-04,-5.939094698632106444e-06
3.439999999999999725e-01,6.016058318042642045e-04,-1.067973214761909918e-05
3.449999999999999734e-01,6.023563322377010728e-04,-1.547950575546497577e-05
3.459999999999999742e-01,6.028169503276246954e-04,-2.030986371430831450e-05
3.469999999999999751e-01,6.029922439484020633e-04,-2.514257239207254950e-05
3.479999999999999760e-01,6.028896040534103802e-04,-2.995209308101745620e-05
3.489999999999999769e-01,6.025178955272838437e-04,-3.471337098354638438e-05
3.499999999999999778e-01,6.018878936973022032e-04,-3.940414150566219289e-05
3.509999999999999787e-01,6.010119265930878845e-04,-4.400294813014448775e-05
3.519999999999999796e-01,5.999031035944729986e-04,-4.849095058693216536e-05
3.529999999999999805e-01,5.985767611089230344e-04,-5.285024154305213799e-05
3.539999999999999813e-01,5.970480741974602216e-04,-5.706552175908332947e-05
3.549999999999999822e-01,5.953344610568073051e-04,-6.112307758550177515e-05
3.559999999999999831e-01,5.934524524661882782e-04,-6.501155556309519390e-05
3.569999999999999840e-01,5.914201399712158778e-04,-6.872054442975252073e-05
3.579999999999999849e-01,5.892553668437009329e-04,-7.224241681183033435e-05
3.589999999999999858e-01,5.869759853590238640e-04,-7.557092793246125370e-05
3.599999999999999867e-01,5.846001315606368489e-04,-7.870200785783506236e-05
3.609999999999999876e-01,5.821455417602185590e-04,-8.163208803907648380e-05
3.619999999999999885e-01,5.796293016316061020e-04,-8.436040721806480915e-05
3.629999999999999893e-01,5.770681767357706835e-04,-8.688722244182691767e-05
3.639999999999999902e-01,5.744789394337816452e-04,-8.921419936907405538e-05
3.649999999999999911e-01,5.718768458784671219e-04,-9.134382378352312235e-05
3.659999999999999920e-01,5.692765411699590673e-04,-9.328003362826433199e-05
3.669999999999999929e-01,5.666924334681214650e-04,-9.502821439390508028e-05
3.679999999999999938e-01,5.641372893275196617e-04,-9.659384250475462933e-05
3.689999999999999947e-01,5.616236930139624321e-04,-9.798338486885241837e-05
3.699999999999999956e-01,5.591630346789113262e-04,-9.920472406421991171e-05
3.709999999999999964e-01,5.567659124121273782e-04,-1.002654381361409641e-04
3.719999999999999973e-01,5.544416022374535095e-04,-1.011742458327747409e-04
3.729999999999999982e-01,5.521992185499296352e-04,-1.019393958916656965e-04
3.739999999999999991e-01,5.500462217610568904e-04,-1.025701871477254466e-04
3.750000000000000000e-01,5.479900286815033968e-04,-1.030763725015840628e-04
3.760000000000000009e-01,5.460362589048908680e-04,-1.034671790250667883e-04
3.770000000000000018e-01,5.441906974154203961e-04,-1.037524786993861798e-04
3.780000000000000027e-01,5.424577558539024581e-04,-1.039416521842277381e-04
3.790000000000000036e-01,5.408408989706421817e-04,-1.040449472446688744e-04
3.800000000000000044e-01,5.393437881155318907e-04,-1.040719288491668930e-04
3.810000000000000053e-01,5.379683713058525975e-04,-1.040319977041333200e-04
3.820000000000000062e-01,5.367166956697052346e-04,-1.039349850202882475e-04
3.830000000000000071e-01,5.355897083225570187e-04,-1.037904493796559986e-04
3.840000000000000080e-01,5.345878903368700896e-04,-1.036072086738540067e-04
3.850000000000000089e-01,5.337112490664456090e-04,-1.033950099214088909e-04
3.860000000000000098e-01,5.329590767224636188e-04,-1.031621088806947291e-04
3.870000000000000107e-01,5.323307783242500150e-04,-1.029175947918968103e-04
3.880000000000000115e-01,5.318242494473841581e-04,-1.026697275627763993e-04
3.890000000000000124e-01,5.314374447198514945e-04,-1.024266946614672358e-04
3.900000000000000133e-01,5.311680184311558467e-04,-1.021965768939132641e-04
3.910000000000000142e-01,5.310131690052536865e-04,-1.019871573586005943e-04
3.920000000000000151e-01,5.309693697209240740e-04,-1.018051725670678320e-04
3.930000000000000160e-01,5.310330247212278684e-04,-1.016584059743268095e-04
3.940000000000000169e-01,5.312000561957991090e-04,-1.015530995776327012e-04
3.950000000000000178e-01,5.314661982205584265e-04,-1.014959997017598944e-04
3.960000000000000187e-01,5.318262524007923240e-04,-1.014930034855159789e-04
3.970000000000000195e-01,5.322754683320310562e-04,-1.015496981988051132e-04
3.980000000000000204e-01,5.328084231304892632e-04,-1.016715931617890917e-04
3.990000000000000213e-01,5.334192599010825720e-04,-1.018636111548804573e-04
4.000000000000000222e-01,5.341023503458960150e-04,-1.021305346314105262e-04
4.010000000000000231e-01,5.348514626077978049e-04,-1.024763663230764864e-04
4.020000000000000240e-01,5.356600683955682661e-04,-1.029047298355035178e-04
4.030000000000000249e-01,5.365216922528599428e-04,-1.034189125198779161e-04
4.040000000000000258e-01,5.374297060218007765e-04,-1.040220203394094791e-04
4.050000000000000266e-01,5.383768990649720173e-04,-1.047160229430392920e-04
4.060000000000000275e-01,5.393565653148875167e-04,-1.055031453013405897e-04
4.069999999999999729e-01,5.403613644842878566e-04,-1.063848244891797728e-04
4.079999999999999738e-01,5.413840296964952687e-04,-1.073617921349852278e-04
4.089999999999999747e-01,5.424173218218124792e-04,-1.084344246615927412e-04
4.099999999999999756e-01,5.434544269531209337e-04,-1.096024278632588324e-04
4.109999999999999765e-01,5.444878039242977575e-04,-1.108654085695366995e-04
4.119999999999999774e-01,5.455103373363974495e-04,-1.122222919246073009e-04
4.129999999999999782e-01,5.465151855086386370e-04,-1.136711178458972284e-04
4.139999999999999791e-01,5.474955396985912125e-04,-1.152095459125507070e-04
4.149999999999999800e-01,5.484449358999512157e-04,-1.168352508734198049e-04
4.159999999999999809e-01,5.493565336073228007e-04,-1.185445637874909310e-04
4.169999999999999818e-01,5.502243557410161625e-04,-1.203340700382461075e-04
4.179999999999999827e-01,5.510427713783415870e-04,-1.221990997463712105e-04
4.189999999999999836e-01,5.518066223597517962e-04,-1.241355453225972624e-04
4.199999999999999845e-01,5.525104033787740484e-04,-1.261379477177911144e-04
4.209999999999999853e-01,5.531496480214679332e-04,-1.282013047422903094e-04
4.219999999999999862e-01,5.537206209818021710e-04,-1.303194121799217554e-04
4.229999999999999871e-01,5.542194242489575798e-04,-1.324861841302042394e-04
4.239999999999999880e-01,5.546429090204927151e-04,-1.346956018133700227e-04
4.249999999999999889e-01,5.549888316188111067e-04,-1.369406616474730842e-04
4.259999999999999898e-01,5.552553042480300313e-04,-1.392147455876149213e-04
4.269999999999999907e-01,5.554406966274817552e-04,-1.415110707907143084e-04
4.279999999999999916e-01,5.555443972443518258e-04,-1.438224486061684545e-04
4.289999999999999925e-01,5.555661549802136260e-04,-1.461420971724468039e-04
4.299999999999999933e-01,5.555068878361394498e-04,-1.484630521836847463e-04
4.309999999999999942e-01,5.553672223058184719e-04,-1.507783135109245088e-04
4.319999999999999951e-01,5.551490465175035064e-04,-1.530812713110360902e-04
4.329999999999999960e-01,5.548546538133839910e-04,-1.553654044189542449e-04
4.339999999999999969e-01,5.544867396548919984e-04,-1.576242871777097339e-04
4.349999999999999978e-01,5.540486902077153275e-04,-1.598520029850068139e-04
4.359999999999999987e-01,5.535444850803303935e-04,-1.620425985757580696e-04
4.369999999999999996e-01,5.529783135209932147e-04,-1.641912835514902581e-04
4.380000000000000004e-01,5.523551447555129484e-04,-1.662930944695674245e-04
4.390000000000000013e-01,5.516799675127456075e-04,-1.683431328115447454e-04
4.400000000000000022e-01,5.509585039557734262e-04,-1.703375844848954387e-04
4.410000000000000031e-01,5.501964170274710160e-04,-1.722730486633682523e-04
4.420000000000000040e-01,5.494003427121485006e-04,-1.741467182862967296e-04
4.430000000000000049e-01,5.485760058055232178e-04,-1.759558716213145040e-04
4.440000000000000058e-01,5.477307170401718829e-04,-1.776988470393996177e-04
4.450000000000000067e-01,5.468707989963270816e-04,-1.793744050437052215e-04
4.460000000000000075e-01,5.460033700832527632e-04,-1.809816868563493650e-04
4.470000000000000084e-01,5.451348339135523224e-04,-1.825206481679758966e-04
4.480000000000000093e-01,5.442729223045895222e-04,-1.839915396651645738e-04
4.490000000000000102e-01,5.434240303217299697e-04,-1.853958304940130065e-04
4.500000000000000111e-01,5.425952488516058714e-04,-1.867348017416537841e-04
4.510000000000000120e-01,5.417930782852949621e-04,-1.880107188512809477e-04
4.520000000000000129e-01,5.410244422896059568e-04,-1.892261293253808560e-04
4.530000000000000138e-01,5.402956054207911805e-04,-1.903848866854116297e-04
4.540000000000000147e-01,5.396129071314623637e-04,-1.914901632408838345e-04
4.550000000000000155e-01,5.389824420789074682e-04,-1.925470287165283938e-04
4.560000000000000164e-01,5.384098425350054146e-04,-1.935599317731480807e-04
4.570000000000000173e-01,5.379002939638107689e-04,-1.945344574998759328e-04
4.580000000000000182e-01,5.374591436048827648e-04,-1.954769112606908037e-04
4.590000000000000191e-01,5.370908881779011762e-04,-1.963932378538859214e-04
4.600000000000000200e-01,5.367997923664671661e-04,-1.972903676715021882e-04
4.610000000000000209e-01,5.365897565603608768e-04,-1.981760104028631357e-04
4.620000000000000218e-01,5.364636491016133235e-04,-1.990576436495757918e-04
4.630000000000000226e-01,5.364247926602324539e-04,-1.999438597006069880e-04
4.640000000000000235e-01,5.364748175685196121e-04,-2.008428859383999112e-04
4.650000000000000244e-01,5.366152791641812985e-04,-2.017641334838695213e-04
4.660000000000000253e-01,5.368474609473517043e-04,-2.027165897307924133e-04
4.670000000000000262e-01,5.371712343527407967e-04,-2.037101619435868359e-04
4.680000000000000271e-01,5.375859348495194484e-04,-2.047548115438226470e-04
4.689999999999999725e-01,5.380903620321957461e-04,-2.058605609168180498e-04
4.699999999999999734e-01,5.386818389311421673e-04,-2.070378296165680193e-04
4.709999999999999742e-01,5.393574820530801445e-04,-2.082971782955359160e-04
4.719999999999999751e-01,5.401131234187085727e-04,-2.096494426684490273e-04
4.729999999999999760e-01,5.409433095450296922e-04,-2.111048667545425864e-04
4.739999999999999769e-01,5.418419546964758915e-04,-2.126741150251796654e-04
4.749999999999999778e-01,5.428017999328483504e-04,-2.143674670514199483e-04
4.759999999999999787e-01,5.438141986540972897e-04,-2.161949479702117796e-04
4.769999999999999796e-01,5.448696386555340740e-04,-2.181662629671716634e-04
4.779999999999999805e-01,5.459570583786778862e-04,-2.202906491066306894e-04
4.789999999999999813e-01,5.470643084798463684e-04,-2.225762655877852082e-04
4.799999999999999822e-01,5.481783293193624382e-04,-2.250309196951391156e-04
4.809999999999999831e-01,5.492846116959581356e-04,-2.276612353358131345e-04
4.819999999999999840e-01,5.503677250662474506e-04,-2.304725694183927119e-04
4.829999999999999849e-01,5.514109021415939662e-04,-2.334692452094816906e-04
4.839999999999999858e-01,5.523969271028827737e-04,-2.366536634173186922e-04
4.849999999999999867e-01,5.533069112756862492e-04,-2.400270474822997465e-04
4.859999999999999876e-01,5.541226119468836741e-04,-2.435885172817102635e-04
4.869999999999999885e-01,5.548239553707841895e-04,-2.473351911884933709e-04
4.879999999999999893e-01,5.553920257707740081e-04,-2.512622946856743348e-04
4.889999999999999902e-01,5.558065472977482971e-04,-2.553627140744972580e-04
4.899999999999999911e-01,5.560485606204842394e-04,-2.596270454995781851e-04
4.909999999999999920e-01,5.560990559096467070e-04,-2.640435923219851266e-04
4.919999999999999929e-01,5.559404978677251214e-04,-2.685988776616549329e-04
4.929999999999999938e-01,5.555560055789056286e-04,-2.732761808395776102e-04
4.939999999999999947e-01,5.549306025984419855e-04,-2.780579657155668786e-04
4.949999999999999956e-01,5.540511156725541749e-04,-2.829237262453128312e-04
4.959999999999999964e-01,5.529063711813903470e-04,-2.878516530770279958e-04
4.969999999999999973e-01,5.514874656746565238e-04,-2.928185552720078181e-04
4.979999999999999982e-01,5.497884010542963829e-04,-2.978004319949416378e-04
4.989999999999999991e-01,5.478054315960004250e-04,-3.027718214036834252e-04
5.000000000000000000e-01,5.455380734950063390e-04,-3.077075756291887377e-04
5.010000000000000009e-01,5.429885165348084146e-04,-3.125818908904612640e-04
5.020000000000000018e-01,5.401620188825828443e-04,-3.173695833111239749e-04
5.030000000000000027e-01,5.370661510446047724e-04,-3.220468666402074459e-04
5.040000000000000036e-01,5.337116928327726795e-04,-3.265900937367098296e-04
5.050000000000000044e-01,5.301112517415654127e-04,-3.309779608811841758e-04
5.060000000000000053e-01,5.262803490996042144e-04,-3.351901269359486985e-04
5.070000000000000062e-01,5.222354409431661116e-04,-3.392088496994557839e-04
5.080000000000000071e-01,5.179953349056455776e-04,-3.430182314630918043e-04
5.090000000000000080e-01,5.135799273250608258e-04,-3.466051467777751479e-04
5.100000000000000089e-01,5.090099946088141912e-04,-3.499585004200585670e-04
5.110000000000000098e-01,5.043062556528390061e-04,-3.530696640825287309e-04
5.120000000000000107e-01,4.994905760995975007e-04,-3.559328824890937840e-04
5.130000000000000115e-01,4.945842748474984455e-04,-3.585441833340239346e-04
5.140000000000000124e-01,4.896082780180625567e-04,-3.609017663361041724e-04
5.150000000000000133e-01,4.845831534427198122e-04,-3.630067009409824216e-04
5.160000000000000142e-01,4.795285405293115842e-04,-3.648612714926355717e-04
5.170000000000000151e-01,4.744627987824175282e-04,-3.664693424735957243e-04
5.180000000000000160e-01,4.694035955530380020e-04,-3.678370456343009530e-04
5.190000000000000169e-01,4.643669639805206436e-04,-3.689713280953366538e-04
5.200000000000000178e-01,4.593682355201359835e-04,-3.698802364362253643e-04
5.210000000000000187e-01,4.544206829673969137e-04,-3.705727183232811217e-04
5.220000000000000195e-01,4.495363627303651673e-04,-3.710586924709361801e-04
5.230000000000000204e-01,4.447265624682942686e-04,-3.713482932452083041e-04
5.240000000000000213e-01,4.400005562289818891e-04,-3.714524023817707870e-04
5.250000000000000222e-01,4.353667030077683375e-04,-3.713816196573749458e-04
5.260000000000000231e-01,4.308318224970138655e-04,-3.711470281137408300e-04
5.270000000000000240e-01,4.264022623624438781e-04,-3.707596997556762198e-04
5.280000000000000249e-01,4.220825179162469463e-04,-3.702303033618611688e-04
5.290000000000000258e-01,4.178762563925947859e-04,-3.695696410786213255e-04
5.300000000000000266e-01,4.137868957869042063e-04,-3.687876588600704289e-04
5.310000000000000275e-01,4.098163367612369192e-04,-3.678949784643751816e-04
5.320000000000000284e-01,4.059659310955495586e-04,-3.669005332410298103e-04
5.330000000000000293e-01,4.022363612530231985e-04,-3.658140627989514820e-04
5.340000000000000302e-01,3.986278647799455462e-04,-3.646443248834700755e-04
5.350000000000000311e-01,3.951397358190646678e-04,-3.633995679756030000e-04
5.360000000000000320e-01,3.917715306183214307e-04,-3.620875137624750858e-04
5.370000000000000329e-01,3.885216656065143656e-04,-3.607159575720992554e-04
5.380000000000000338e-01,3.853885952553329436e-04,-3.592915751198950394e-04
5.390000000000000346e-01,3.823706392872899752e-04,-3.578211917275241852e-04
5.400000000000000355e-01,3.794655764432928384e-04,-3.563107860115867997e-04
5.410000000000000364e-01,3.766709912088562692e-04,-3.547662973318018234e-04
5.420000000000000373e-01,3.739844313022272254e-04,-3.531928721394468726e-04
5.430000000000000382e-01,3.714034615266110042e-04,-3.515955518557045906e-04
5.440000000000000391e-01,3.689254244202261595e-04,-3.499786887821664774e-04
5.450000000000000400e-01,3.665472994823464189e-04,-3.483467068881096538e-04
5.460000000000000409e-01,3.642664104261828114e-04,-3.467035870306405324e-04
5.470000000000000417e-01,3.620799543405793411e-04,-3.450528432171636709e-04
5.480000000000000426e-01,3.599850858254995426e-04,-3.433977260550631909e-04
5.490000000000000435e-01,3.579791121885661314e-04,-3.417411503408736002e-04
5.500000000000000444e-01,3.560589950027022725e-04,-3.400861311923812007e-04
5.510000000000000453e-01,3.542220440287092379e-04,-3.384352789648570684e-04
5.520000000000000462e-01,3.524654527748973215e-04,-3.367907738140478381e-04
5.530000000000000471e-01,3.507869151300902627e-04,-3.351547892112051734e-04
5.540000000000000480e-01,3.491833594715761839e-04,-3.335291239200636072e-04
5.550000000000000488e-01,3.476522928769513131e-04,-3.319157672786110448e-04
5.560000000000000497e-01,3.461912950895766139e-04,-3.303162215756701246e-04
5.570000000000000506e-01,3.447977187967497001e-04,-3.287318527707502490e-04
5.580000000000000515e-01,3.434694079989745585e-04,-3.271640380702395745e-04
5.590000000000000524e-01,3.422039009863215913e-04,-3.256138366756519795e-04
5.600000000000000533e-01,3.409990357073529061e-04,-3.240824012326134910e-04
5.610000000000000542e-01,3.398524981048890118e-04,-3.225709443138863601e-04
5.620000000000000551e-01,3.387621506141251689e-04,-3.210799558201235093e-04
5.629999999999999449e-01,3.377260392470802478e-04,-3.196102877072987515e-04
5.639999999999999458e-01,3.367421638498480324e-04,-3.181625979557716291e-04
5.649999999999999467e-01,3.358086294236306145e-04,-3.167377208249335828e-04
5.659999999999999476e-01,3.349235252754418951e-04,-3.153358582232977420e-04
5.669999999999999485e-01,3.340849361113668167e-04,-3.139576512737047957e-04
5.679999999999999494e-01,3.332912620608113560e-04,-3.126034037924650157e-04
5.689999999999999503e-01,3.325407447153296979e-04,-3.112734935326637244e-04
5.699999999999999512e-01,3.318319057425815101e-04,-3.099684027663710201e-04
5.709999999999999520e-01,3.311628822748121531e-04,-3.086881453327933763e-04
5.719999999999999529e-01,3.305323446027652406e-04,-3.074329484791273851e-04
5.729999999999999538e-01,3.299388017102287463e-04,-3.062031150829331010e-04
5.739999999999999547e-01,3.293809610586624962e-04,-3.049988739520963026e-04
5.749999999999999556e-01,3.288573228757561868e-04,-3.038199193426203005e-04
5.759999999999999565e-01,3.283665251778428032e-04,-3.026667397984081267e-04
5.769999999999999574e-01,3.279073549618816141e-04,-3.015391410493488238e-04
5.779999999999999583e-01,3.274785850868599537e-04,-3.004373637319777751e-04
5.789999999999999591e-01,3.270788541233221602e-04,-2.993612966655713361e-04
5.799999999999999600e-01,3.267071684580010490e-04,-2.983106852235807116e-04
5.809999999999999609e-01,3.263624163158788147e-04,-2.972859581778015850e-04
5.819999999999999618e-01,3.260433772589289934e-04,-2.962867675695108152e-04
5.829999999999999627e-01,3.257491667592948099e-04,-2.953130493204932290e-04
5.839999999999999636e-01,3.254787346941774334e-04,-2.943648181151392487e-04
5.849999999999999645e-01,3.252307924785585529e-04,-2.934419925005157174e-04
5.859999999999999654e-01,3.250047607797701215e-04,-2.925441996227612970e-04
5.869999999999999662e-01,3.247996922471417351e-04,-2.916716434653917212e-04
5.879999999999999671e-01,3.246144262099905651e-04,-2.908240097744770915e-04
5.889999999999999680e-01,3.244480587687859205e-04,-2.900010904450280578e-04
5.899999999999999689e-01,3.243000148130264788e-04,-2.892029549691928214e-04
5.909999999999999698e-01,3.241694038606968034e-04,-2.884294045248669315e-04
5.919999999999999707e-01,3.240550956799520392e-04,-2.876801474187905099e-04
5.929999999999999716e-01,3.239568046409887396e-04,-2.869549463911047699e-04
5.939999999999999725e-01,3.238733142898718182e-04,-2.862537669677603911e-04
5.949999999999999734e-01,3.238041027714169923e-04,-2.855762834421236179e-04
5.959999999999999742e-01,3.237485543667181710e-04,-2.849224206120893276e-04
5.969999999999999751e-01,3.237057385530200428e-04,-2.842918391369047572e-04
5.979999999999999760e-01,3.236750488554846470e-04,-2.836844730678086436e-04
5.989999999999999769e-01,3.236557346351460682e-04,-2.830999191531638265e-04
5.999999999999999778e-01,3.236471969860170027e-04,-2.825381202693373877e-04
6.009999999999999787e-01,3.236486925165970208e-04,-2.819986827990035279e-04
6.019999999999999796e-01,3.236599686167087177e-04,-2.814814100361222272e-04
6.029999999999999805e-01,3.236799479921566194e-04,-2.809860654360033460e-04
6.039999999999999813e-01,3.237081400559839797e-04,-2.805123648663681440e-04
6.049999999999999822e-01,3.237442251686700008e-04,-2.800599542885499654e-04
6.059999999999999831e-01,3.237873781927038471e-04,-2.796287053236040199e-04
6.069999999999999840e-01,3.238372832514297404e-04,-2.792182715660069549e-04
6.079999999999999849e-01,3.238930462136544418e-04,-2.788283635624265368e-04
6.089999999999999858e-01,3.239545227271009120e-04,-2.784585688037762518e-04
6.099999999999999867e-01,3.240208963691883519e-04,-2.781087736455925227e-04
6.109999999999999876e-01,3.240917831288233839e-04,-2.777784783095278449e-04
6.119999999999999885e-01,3.241668733304042772e-04,-2.774673545436133178e-04
6.129999999999999893e-01,3.242452818332238829e-04,-2.771751311550488457e-04
6.139999999999999902e-01,3.243271096774862365e-04,-2.769015058975683274e-04
6.149999999999999911e-01,3.244114004213108360e-04,-2.766460465260804809e-04
6.159999999999999920e-01,3.244981818324130544e-04,-2.764082896679141265e-04
6.169999999999999929e-01,3.245866473235104127e-04,-2.761881432424256443e-04
6.179999999999999938e-01,3.246766776291738895e-04,-2.759848159779187027e-04
6.189999999999999947e-01,3.247678746294804428e-04,-2.757982403955444041e-04
6.199999999999999956e-01,3.248596937366388148e-04,-2.756280182130082883e-04
6.209999999999999964e-01,3.249520156458331416e-04,-2.754733670231569666e-04
6.219999999999999973e-01,3.250444435096287894e-04,-2.753342261524131655e-04
6.229999999999999982e-01,3.251367654436035327e-04,-2.752100576764355297e-04
6.239999999999999991e-01,3.252285302526468011e-04,-2.751002342653911760e-04
6.250000000000000000e-01,3.253196730835705621e-04,-2.750045541354430691e-04
6.260000000000000009e-01,3.254098164779089110e-04,-2.749225597248337915e-04
6.270000000000000018e-01,3.254988400959863944e-04,-2.748534837043477676e-04
6.280000000000000027e-01,3.255865133436130023e-04,-2.747972032504861759e-04
6.290000000000000036e-01,3.256727153203001126e-04,-2.747529552979543089e-04
6.300000000000000044e-01,3.257575446256872460e-04,-2.747204735172949263e-04
6.310000000000000053e-01,3.258404768121797839e-04,-2.746989810961026116e-04
6.320000000000000062e-01,3.259216833163104481e-04,-2.746883795493212086e-04
6.330000000000000071e-01,3.260011328834799067e-04,-2.746876762934418424e-04
6.340000000000000080e-01,3.260788311990164530e-04,-2.746968489435629634e-04
6.350000000000000089e-01,3.261548191556722705e-04,-2.747150730464117756e-04
6.360000000000000098e-01,3.262290461972989532e-04,-2.747417636761970454e-04
6.370000000000000107e-01,3.263016806182625199e-04,-2.747768290630983514e-04
6.380000000000000115e-01,3.263729253262920554e-04,-2.748193772079738262e-04
6.390000000000000124e-01,3.264427834568972607e-04,-2.748693916961592997e-04
6.400000000000000133e-01,3.265116200362482338e-04,-2.749259110165414759e-04
6.410000000000000142e-01,3.265796907407663612e-04,-2.749886120134459886e-04
6.420000000000000151e-01,3.266472503797442865e-04,-2.750571725005942049e-04
6.430000000000000160e-01,3.267146432511301257e-04,-2.751310354292337305e-04
6.440000000000000169e-01,3.267821223376823729e-04,-2.752098810170378615e-04
6.450000000000000178e-01,3.268501753668037637e-04,-2.752934806256913404e-04
6.460000000000000187e-01,3.269192336185286073e-04,-2.753810454747308584e-04
6.470000000000000195e-01,3.269896195956243420e-04,-2.754724219980862906e-04
6.480000000000000204e-01,3.270622150330283100e-04,-2.755674021085055634e-04
6.490000000000000213e-01,3.271374295897872680e-04,-2.756655984332990876e-04
6.500000000000000222e-01,3.272157443126732937e-04,-2.757667870051352032e-04
6.510000000000000231e-01,3.272980358560815682e-04,-2.758707619814198013e-04
6.520000000000000240e-01,3.273850166013268369e-04,-2.759773904348624502e-04
6.530000000000000249e-01,3.274774695136834749e-04,-2.760867018348276531e-04
6.540000000000000258e-01,3.275758693646685046e-04,-2.761984740321171217e-04
6.550000000000000266e-01,3.276813022988796903e-04,-2.763129883050973400e-04
6.560000000000000275e-01,3.277945460253220292e-04,-2.764302739670663534e-04
6.570000000000000284e-01,3.279162150357068880e-04,-2.765504323510139585e-04
6.580000000000000293e-01,3.280475513866946426e-04,-2.766736713511012968e-04
6.590000000000000302e-01,3.281893103693772780e-04,-2.768004143790638917e-04
6.600000000000000311e-01,3.283423180499744540e-04,-2.769312451459876112e-04
6.610000000000000320e-01,3.285075778266963393e-04,-2.770662795592950044e-04
6.620000000000000329e-01,3.286860569783500610e-04,-2.772064216558073856e-04
6.630000000000000338e-01,3.288785778141226166e-04,-2.773522513054518953e-04
6.640000000000000346e-01,3.290860337893412521e-04,-2.775045081178319673e-04
6.650000000000000355e-01,3.293094614175367347e-04,-2.776642520235716115e-04
6.660000000000000364e-01,3.295497529331980471e-04,-2.778322192396690004e-04
6.670000000000000373e-01,3.298073898881877567e-04,-2.780095209100542008e-04
6.680000000000000382e-01,3.300836239341117372e-04,-2.781976939473000069e-04
6.690000000000000391e-01,3.303790264979522724e-04,-2.783976133681595379e-04
6.700000000000000400e-01,3.306943683483632335e-04,-2.786110280231149220e-04
6.710000000000000409e-01,3.310303667769113126e-04,-2.788391316681157733e-04
6.720000000000000417e-01,3.313874743609829926e-04,-2.790838140770683000e-04
6.730000000000000426e-01,3.317664666943809975e-04,-2.793468206001877138e-04
6.740000000000000435e-01,3.321676402229879256e-04,-2.796301115184527341e-04
6.750000000000000444e-01,3.325912223121011563e-04,-2.799354870341165774e-04
6.760000000000000453e-01,3.330378186272164734e-04,-2.802651576241054193e-04
6.770000000000000462e-01,3.335075566519481996e-04,-2.806215504765782699e-04
6.780000000000000471e-01,3.340003348365448168e-04,-2.810070066453139123e-04
6.790000000000000480e-01,3.345162865725342916e-04,-2.814239591057283150e-04
6.800000000000000488e-01,3.350554427165924540e-04,-2.818754695593894796e-04
6.810000000000000497e-01,3.356172121999533779e-04,-2.823645000782625545e-04
6.820000000000000506e-01,3.362013096752865552e-04,-2.828942684769610461e-04
6.830000000000000515e-01,3.368075779623319133e-04,-2.834687140928509761e-04
6.840000000000000524e-01,3.374349867047420634e-04,-2.840919855168989243e-04
6.850000000000000533e-01,3.380831673410901851e-04,-2.847692949445026155e-04
6.860000000000000542e-01,3.387509509080371744e-04,-2.855079615750226256e-04
6.870000000000000551e-01,3.394375509106447360e-04,-2.863209336267014040e-04
6.879999999999999449e-01,3.401163779244283049e-04,-2.872273318802893972e-04
6.889999999999999458e-01,3.407659346229654812e-04,-2.882069623637912486e-04
6.899999999999999467e-01,3.413853237885850671e-04,-2.892490685334151031e-04
6.909999999999999476e-01,3.419732589435585174e-04,-2.903480582986588208e-04
6.919999999999999485e-01,3.425284491145531482e-04,-2.915000586670928691e-04
6.929999999999999494e-01,3.430500453219098166e-04,-2.927017544991416327e-04
6.939999999999999503e-01,3.435366026151413527e-04,-2.939506588350246927e-04
6.949999999999999512e-01,3.439870650873117592e-04,-2.952442887158056111e-04
6.959999999999999520e-01,3.444002834656900171e-04,-2.965803802972040567e-04
6.969999999999999529e-01,3.447749963910615124e-04,-2.979572836177884414e-04
6.979999999999999538e-01,3.451103534276926373e-04,-2.993729591358582531e-04
6.989999999999999547e-01,3.454050174400142398e-04,-3.008255672196445793e-04
6.999999999999999556e-01,3.456576502326125732e-04,-3.023132529826673843e-04
7.009999999999999565e-01,3.458676846378112065e-04,-3.038345827317119564e-04
7.019999999999999574e-01,3.460338752475599060e-04,-3.053874395261210739e-04
7.029999999999999583e-01,3.461550997947777019e-04,-3.069704117143036513e-04
7.039999999999999591e-01,3.462302593166156493e-04,-3.085816767464551994e-04
7.049999999999999600e-01,3.462586554963260053e-04,-3.102194190004632646e-04
7.059999999999999609e-01,3.462392693738291539e-04,-3.118819495796247478e-04
7.069999999999999618e-01,3.461711808645772650e-04,-3.135673312687434493e-04
7.079999999999999627e-01,3.460536870116469278e-04,-3.152741026328048602e-04
7.089999999999999636e-01,3.458857433699793820e-04,-3.169999707513612318e-04
7.099999999999999645e-01,3.456668275320078239e-04,-3.187433767282992392e-04
7.109999999999999654e-01,3.453961235094383381e-04,-3.205024909463301003e-04
7.119999999999999662e-01,3.450730854487772800e-04,-3.222751680125343458e-04
7.129999999999999671e-01,3.446973185924722110e-04,-3.240595789774425631e-04
7.139999999999999680e-01,3.442679749747295744e-04,-3.258536921131740898e-04
7.149999999999999689e-01,3.437848512226726713e-04,-3.276555870198737835e-04
7.159999999999999698e-01,3.432475260877933666e-04,-3.294632375955605760e-04
7.169999999999999707e-01,3.426557593051500917e-04,-3.312745401603479824e-04
7.179999999999999716e-01,3.420093279594389008e-04,-3.330873827308873788e-04
7.189999999999999725e-01,3.413081924292350007e-04,-3.348995785630701130e-04
7.199999999999999734e-01,3.405521351606064905e-04,-3.367093993744158941e-04
7.209999999999999742e-01,3.397413185701303570e-04,-3.385145799370185382e-04
7.219999999999999751e-01,3.388757603525639891e-04,-3.403129179423879580e-04
7.229999999999999760e-01,3.379559623413441716e-04,-3.421024072416992373e-04
7.239999999999999769e-01,3.369819833567725071e-04,-3.438808416599860307e-04
7.249999999999999778e-01,3.359542003674201001e-04,-3.456462797881423247e-04
7.259999999999999787e-01,3.348732127731054130e-04,-3.473963193701665219e-04
7.269999999999999796e-01,3.337395693439563636e-04,-3.491293557035277735e-04
7.279999999999999805e-01,3.325538482444176033e-04,-3.508428279233208021e-04
7.289999999999999813e-01,3.313170358484531929e-04,-3.525351787243501643e-04
7.299999999999999822e-01,3.300298183397923271e-04,-3.542040269864123441e-04
7.309999999999999831e-01,3.286931582408119659e-04,-3.558476653549252997e-04
7.319999999999999840e-01,3.273081401528302637e-04,-3.574641670342111068e-04
7.329999999999999849e-01,3.258758684073534526e-04,-3.590516171250859932e-04
7.339999999999999858e-01,3.243974668171529445e-04,-3.606081135247224466e-04
7.349999999999999867e-01,3.228743066483701746e-04,-3.621318730373536930e-04
7.359999999999999876e-01,3.213077320817875034e-04,-3.636215234221984948e-04
7.369999999999999885e-01,3.196991916931529449e-04,-3.650749195208697197e-04
7.379999999999999893e-01,3.180503489410263073e-04,-3.664909966781564792e-04
7.389999999999999902e-01,3.163624103448752574e-04,-3.678679348632397927e-04
7.399999999999999911e-01,3.146375047536025113e-04,-3.692043609927949939e-04
7.409999999999999920e-01,3.128768775739440328e-04,-3.704990555311360500e-04
7.419999999999999929e-01,3.110826778207261565e-04,-3.717506895949676191e-04
7.429999999999999938e-01,3.092565623240760243e-04,-3.729581350301980716e-04
7.439999999999999947e-01,3.074003623052691645e-04,-3.741202272275512036e-04
7.449999999999999956e-01,3.055161973262143218e-04,-3.752361010694140516e-04
7.459999999999999964e-01,3.036057989479869559e-04,-3.763048638841137608e-04
7.469999999999999973e-01,3.016710689485864699e-04,-3.773255885557359095e-04
7.479999999999999982e-01,2.997142467546183358e-04,-3.782978155586056075e-04
7.489999999999999991e-01,2.977374566956766228e-04,-3.792207774085278971e-04
7.500000000000000000e-01,2.957423226657280549e-04,-3.800938981743069234e-04
7.510000000000000009e-01,2.937311861454167182e-04,-3.809171231165751339e-04
7.520000000000000018e-01,2.917061611024909145e-04,-3.816897566117185333e-04
7.530000000000000027e-01,2.896690215408938458e-04,-3.824117890124823925e-04
7.540000000000000036e-01,2.876220848616391104e-04,-3.830832346929282230e-04
7.550000000000000044e-01,2.855673308246820734e-04,-3.837036866997207366e-04
7.560000000000000053e-01,2.835066643642427026e-04,-3.842736951639764303e-04
7.570000000000000062e-01,2.814421491704390964e-04,-3.847932248199063712e-04
7.580000000000000071e-01,2.793757754111012145e-04,-3.852626441247226745e-04
7.590000000000000080e-01,2.773093009483981980e-04,-3.856822252582165779e-04
7.600000000000000089e-01,2.752449027349321178e-04,-3.860524843021851706e-04
7.610000000000000098e-01,2.731843582299198409e-04,-3.863738912100734267e-04
7.620000000000000107e-01,2.711295294631791363e-04,-3.866472597475178194e-04
7.630000000000000115e-01,2.690817793521953628e-04,-3.868730217925165564e-04
7.640000000000000124e-01,2.670429843449908212e-04,-3.870521784181190175e-04
7.650000000000000133e-01,2.650146870499122363e-04,-3.871852971102933048e-04
7.660000000000000142e-01,2.629988392743227467e-04,-3.872731859438508558e-04
7.670000000000000151e-01,2.609965518213369900e-04,-3.873169063127380367e-04
7.680000000000000160e-01,2.590096207076903107e-04,-3.873174935738569482e-04
7.690000000000000169e-01,2.570393970907918651e-04,-3.872757588180595701e-04
7.700000000000000178e-01,2.550873090266208404e-04,-3.871928448816123330e-04
7.710000000000000187e-01,2.531543218024949796e-04,-3.870702015843188910e-04
7.720000000000000195e-01,2.512421019580411219e-04,-3.869087168548595332e-04
7.730000000000000204e-01,2.493514823331260542e-04,-3.867095156077692084e-04
7.740000000000000213e-01,2.474837421992493814e-04,-3.864741154936086952e-04
7.750000000000000222e-01,2.456398855269492643e-04,-3.862037528109587550e-04
7.760000000000000231e-01,2.438206911608776692e-04,-3.858995445118232033e-04
7.770000000000000240e-01,2.420271741311875156e-04,-3.855628820069817117e-04
7.780000000000000249e-01,2.402601694615333545e-04,-3.851951965829737636e-04
7.790000000000000258e-01,2.385204504725913443e-04,-3.847977519052848700e-04
7.800000000000000266e-01,2.368084973027300831e-04,-3.843720546490929889e-04
7.810000000000000275e-01,2.351250091318677433e-04,-3.839191930869705473e-04
7.820000000000000284e-01,2.334706416304979724e-04,-3.834407741799147570e-04
7.830000000000000293e-01,2.318457882584083621e-04,-3.829381178540127752e-04
7.840000000000000302e-01,2.302507137389867627e-04,-3.824127371467001772e-04
7.850000000000000311e-01,2.286860642607426678e-04,-3.818656863066462832e-04
7.860000000000000320e-01,2.271517203750754628e-04,-3.812983840780685783e-04
7.870000000000000329e-01,2.256484339707986195e-04,-3.807123430747034760e-04
7.880000000000000338e-01,2.241760237214793195e-04,-3.801087991418644315e-04
7.890000000000000346e-01,2.227345028323908906e-04,-3.794890925946808901e-04
7.900000000000000355e-01,2.213243929300406747e-04,-3.788545853380052538e-04
7.910000000000000364e-01,2.199452923034682231e-04,-3.782063611439259255e-04
7.920000000000000373e-01,2.185971939139906941e-04,-3.775457249723902439e-04
7.930000000000000382e-01,2.172802827389395811e-04,-3.768740860717040959e-04
7.940000000000000391e-01,2.159941440467114137e-04,-3.761924918918094218e-04
7.950000000000000400e-01,2.147387558483465208e-04,-3.755022110692625426e-04
7.960000000000000409e-01,2.135138549622833161e-04,-3.748042275622234711e-04
7.970000000000000417e-01,2.123192563200346802e-04,-3.740998270617921237e-04
7.980000000000000426e-01,2.111545764850065597e-04,-3.733901665569118455e-04
7.990000000000000435e-01,2.100195474462206353e-04,-3.726761960168275601e-04
8.000000000000000444e-01,2.089137452060139185e-04,-3.719588947437321540e-04
8.010000000000000453e-01,2.078369013721051363e-04,-3.712391924529783458e-04
8.020000000000000462e-01,2.067883609752958372e-04,-3.705184354646336642e-04
8.030000000000000471e-01,2.057679337035784944e-04,-3.697971837376591445e-04
8.040000000000000480e-01,2.047750443397617650e-04,-3.690764150368254113e-04
8.050000000000000488e-01,2.038090046911188852e-04,-3.683572891849726640e-04
8.060000000000000497e-01,2.028696294511396199e-04,-3.676403404159710978e-04
8.070000000000000506e-01,2.019561588189516853e-04,-3.669264030504515786e-04
8.080000000000000515e-01,2.010681438086833251e-04,-3.662162264976703829e-04
8.090000000000000524e-01,2.002048701305460081e-04,-3.655107810788080658e-04
8.100000000000000533e-01,1.993658198516528072e-04,-3.648104945455830049e-04
8.110000000000000542e-01,1.985504016202713294e-04,-3.641161318466573388e-04
8.120000000000000551e-01,1.977580278903035102e-04,-3.634284505485650945e-04
8.129999999999999449e-01,1.969878886176893904e-04,-3.627479347121718273e-04
8.139999999999999458e-01,1.962395199372165069e-04,-3.620751403104033837e-04
8.149999999999999467e-01,1.955123100230390411e-04,-3.614106551755373012e-04
8.159999999999999476e-01,1.948055003225066125e-04,-3.607550985878024566e-04
8.169999999999999485e-01,1.941184148662918876e-04,-3.601087456695019904e-04
8.179999999999999494e-01,1.934504562181910863e-04,-3.594721696543927512e-04
8.189999999999999503e-01,1.928008076911125570e-04,-3.588456747703550401e-04
8.199999999999999512e-01,1.921690317447267299e-04,-3.582297894251635869e-04
8.209999999999999520e-01,1.915542851810763747e-04,-3.576246609726399734e-04
8.219999999999999529e-01,1.909560256446664230e-04,-3.570309972835973263e-04
8.229999999999999538e-01,1.903733480425745257e-04,-3.564486406297914974e-04
8.239999999999999547e-01,1.898058687487818729e-04,-3.558782567127817932e-04
8.249999999999999556e-01,1.892525798724974551e-04,-3.553198696882935940e-04
8.259999999999999565e-01,1.887131832301177314e-04,-3.547738057643574851e-04
8.269999999999999574e-01,1.881868298426453282e-04,-3.542400507246217922e-04
8.279999999999999583e-01,1.876727835401957535e-04,-3.537190350815213528e-04
8.289999999999999591e-01,1.871705379128261917e-04,-3.532108190115053857e-04
8.299999999999999600e-01,1.866794420957051568e-04,-3.527154978120460070e-04
8.309999999999999609e-01,1.861988494434202207e-04,-3.522331661086100757e-04
8.319999999999999618e-01,1.857279698262743345e-04,-3.517639532262535184e-04
8.329999999999999627e-01,1.852664247721616563e-04,-3.513077344922788223e-04
8.339999999999999636e-01,1.848134671665265264e-04,-3.508647859796091900e-04
8.349999999999999645e-01,1.843684309135099736e-04,-3.504350530856947636e-04
8.359999999999999654e-01,1.839308006598037114e-04,-3.500184464985115667e-04
8.369999999999999662e-01,1.835000990268776419e-04,-3.496150241462680532e-04
8.379999999999999671e-01,1.830754887067543365e-04,-3.492246205697999498e-04
8.389999999999999680e-01,1.826566453468169272e-04,-3.488472592925710323e-04
8.399999999999999689e-01,1.822429194409727604e-04,-3.484828872588357400e-04
8.409999999999999698e-01,1.818339221301691578e-04,-3.481312365364205548e-04
8.419999999999999707e-01,1.814287527095216905e-04,-3.477924703226902242e-04
8.429999999999999716e-01,1.810273194153583123e-04,-3.474662528897603446e-04
8.439999999999999725e-01,1.806288039963246548e-04,-3.471524223832502692e-04
8.449999999999999734e-01,1.802328965441941412e-04,-3.468510051445844282e-04
8.459999999999999742e-01,1.798390749083053587e-04,-3.465617715536704587e-04
8.469999999999999751e-01,1.794469643920068341e-04,-3.462844588794019044e-04
8.479999999999999760e-01,1.790558684184364040e-04,-3.460187289308575345e-04
8.489999999999999769e-01,1.786656635522802859e-04,-3.457647214755798864e-04
8.499999999999999778e-01,1.782756574004231169e-04,-3.455220995420861790e-04
8.509999999999999787e-01,1.778855938351760148e-04,-3.452904258140241192e-04
8.519999999999999796e-01,1.774950307926189503e-04,-3.450697650665940472e-04
8.529999999999999805e-01,1.771035708618633566e-04,-3.448597156976424666e-04
8.539999999999999813e-01,1.767109624366448189e-04,-3.446598440547003002e-04
8.549999999999999822e-01,1.763167680205105349e-04,-3.444702166469365968e-04
8.559999999999999831e-01,1.759207720448637045e-04,-3.442905452432073262e-04
8.569999999999999840e-01,1.755224061449416572e-04,-3.441203222874217988e-04
8.579999999999999849e-01,1.751214911128832498e-04,-3.439594054445642250e-04
8.589999999999999858e-01,1.747179252843120210e-04,-3.438073331559541148e-04
8.599999999999999867e-01,1.743111343067337492e-04,-3.436642073786110637e-04
8.609999999999999876e-01,1.739009857608201650e-04,-3.435294249462092671e-04
8.619999999999999885e-01,1.734872711783107377e-04,-3.434027036064117165e-04
8.629999999999999893e-01,1.730698157883851741e-04,-3.432839047032246616e-04
8.639999999999999902e-01,1.726482045931641244e-04,-3.431724946374687204e-04
8.649999999999999911e-01,1.722224402357602866e-04,-3.430684460465641887e-04
8.659999999999999920e-01,1.717921101444571785e-04,-3.429712270931985956e-04
8.669999999999999929e-01,1.713573604824851092e-04,-3.428807790510087590e-04
8.679999999999999938e-01,1.709176062788510199e-04,-3.427964621348472381e-04
8.689999999999999947e-01,1.704731693158650994e-04,-3.427183289094926262e-04
8.699999999999999956e-01,1.700236413077462145e-04,-3.426458511625908045e-04
8.709999999999999964e-01,1.695688541591837720e-04,-3.425788951824373582e-04
8.719999999999999973e-01,1.691088598869008679e-04,-3.425169799830950104e-04
8.729999999999999982e-01,1.686434915241793000e-04,-3.424599732068876181e-04
8.739999999999999991e-01,1.681728339494348334e-04,-3.424075375156361979e-04
8.750000000000000000e-01,1.676965480783556509e-04,-3.423594317829987120e-04
8.760000000000000009e-01,1.672147201192319065e-04,-3.423153202441213600e-04
8.770000000000000018e-01,1.667273582252204608e-04,-3.422751821056892099e-04
8.780000000000000027e-01,1.662343450025669824e-04,-3.422384323353209979e-04
8.790000000000000036e-01,1.657357207696384975e-04,-3.422051922298696030e-04
8.800000000000000044e-01,1.652314007471428041e-04,-3.421750192680073923e-04
8.810000000000000053e-01,1.647215040642715752e-04,-3.421477225446436393e-04
8.820000000000000062e-01,1.642060091180948353e-04,-3.421231428399793234e-04
8.830000000000000071e-01,1.636848157363469470e-04,-3.421014330819320613e-04
8.840000000000000080e-01,1.631582624187584885e-04,-3.420820608703019176e-04
8.850000000000000089e-01,1.626261085005310672e-04,-3.420652104006866858e-04
8.860000000000000098e-01,1.620885036995237246e-04,-3.420508328611381217e-04
8.870000000000000107e-01,1.615455178463367472e-04,-3.420391903173129983e-04
8.880000000000000115e-01,1.609972499980893046e-04,-3.420306838866889274e-04
8.890000000000000124e-01,1.604434491219244874e-04,-3.420268129725838324e-04
8.900000000000000133e-01,1.598807355324470634e-04,-3.420281336795381140e-04
8.910000000000000142e-01,1.593076258887232797e-04,-3.420317200246407864e-04
8.920000000000000151e-01,1.587247709500258855e-04,-3.420363880549909621e-04
8.930000000000000160e-01,1.581320657545993936e-04,-3.420408285549979928e-04
8.940000000000000169e-01,1.575298947667969258e-04,-3.420446526384956620e-04
8.950000000000000178e-01,1.569186639554685987e-04,-3.420468870216236711e-04
8.960000000000000187e-01,1.562983119766557722e-04,-3.420470972005382540e-04
8.970000000000000195e-01,1.556695035412861854e-04,-3.420448430275052870e-04
8.980000000000000204e-01,1.550321497241797120e-04,-3.420395547473858142e-04
8.990000000000000213e-01,1.543868058493426409e-04,-3.420309651047636875e-04
9.000000000000000222e-01,1.537333850896967029e-04,-3.420185080338111229e-04
9.010000000000000231e-01,1.530725819002374687e-04,-3.420018918479669854e-04
9.020000000000000240e-01,1.524043682660827217e-04,-3.419808317694471300e-04
9.030000000000000249e-01,1.517291326688374471e-04,-3.419549587847192065e-04
9.040000000000000258e-01,1.510471534830251639e-04,-3.419240728453418069e-04
9.050000000000000266e-01,1.503586808749168174e-04,-3.418878372294477993e-04
9.060000000000000275e-01,1.496639654175703157e-04,-3.418459172019850073e-04
9.070000000000000284e-01,1.489633136803429885e-04,-3.417982559760054571e-04
9.080000000000000293e-01,1.482571140499035006e-04,-3.417444945601192025e-04
9.090000000000000302e-01,1.475455344022562365e-04,-3.416846071073701037e-04
9.100000000000000311e-01,1.468288251847639416e-04,-3.416182657891288460e-04
9.110000000000000320e-01,1.461072644369077573e-04,-3.415452824155341114e-04
9.120000000000000329e-01,1.453812673607101594e-04,-3.414654434022962684e-04
9.130000000000000338e-01,1.446508905507357405e-04,-3.413788928349574796e-04
9.140000000000000346e-01,1.439166315030279935e-04,-3.412851186291205067e-04
9.150000000000000355e-01,1.431785461806040708e-04,-3.411842673104315666e-04
9.160000000000000364e-01,1.424370477342076780e-04,-3.410761316914020310e-04
9.170000000000000373e-01,1.416924381068888862e-04,-3.409606700929941831e-04
9.180000000000000382e-01,1.409449920899872807e-04,-3.408377054822618320e-04
9.190000000000000391e-01,1.401947110581848596e-04,-3.407071148125970813e-04
9.200000000000000400e-01,1.394421945031242298e-04,-3.405689447169471095e-04
9.210000000000000409e-01,1.386874684573426825e-04,-3.404232107248364686e-04
9.220000000000000417e-01,1.379309160845704001e-04,-3.402695792713915737e-04
9.230000000000000426e-01,1.371727501938761165e-04,-3.401083147939488733e-04
9.240000000000000435e-01,1.364132163169584015e-04,-3.399391125439508695e-04
9.250000000000000444e-01,1.356526493214915620e-04,-3.397620748598451199e-04
9.260000000000000453e-01,1.348911674180021706e-04,-3.395772044270935035e-04
9.270000000000000462e-01,1.341290780706051863e-04,-3.393844695824961804e-04
9.280000000000000471e-01,1.333665928227108666e-04,-3.391838573854860758e-04
9.290000000000000480e-01,1.326039359152610261e-04,-3.389753533906088084e-04
9.300000000000000488e-01,1.318413712134340967e-04,-3.387589368131803998e-04
9.310000000000000497e-01,1.310791184086675381e-04,-3.385347351517331441e-04
9.320000000000000506e-01,1.303173743150744799e-04,-3.383026018244883167e-04
9.330000000000000515e-01,1.295564076165825137e-04,-3.380627957203929273e-04
9.340000000000000524e-01,1.287963861839522533e-04,-3.378151768778598425e-04
9.350000000000000533e-01,1.280375282637490227e-04,-3.375597363598557658e-04
9.360000000000000542e-01,1.272800715898498940e-04,-3.372967393370106715e-04
9.370000000000000551e-01,1.265241947360213996e-04,-3.370260461341398383e-04
9.379999999999999449e-01,1.257700958565044123e-04,-3.367477910456125110e-04
9.389999999999999458e-01,1.250179618318832629e-04,-3.364619724586802351e-04
9.399999999999999467e-01,1.242679786208322193e-04,-3.361685895743163127e-04
9.409999999999999476e-01,1.235203504868821755e-04,-3.358679139094157030e-04
9.419999999999999485e-01,1.227752741076957048e-04,-3.355599429900384080e-04
9.429999999999999494e-01,1.220328918877686494e-04,-3.352446842499932043e-04
9.439999999999999503e-01,1.212933813107400010e-04,-3.349222764713251387e-04
9.449999999999999512e-01,1.205569226187392089e-04,-3.345927211373016588e-04
9.459999999999999520e-01,1.198236642881120474e-04,-3.342561620793924482e-04
9.469999999999999529e-01,1.190937932831400841e-04,-3.339127363755213886e-04
9.479999999999999538e-01,1.183674333712450452e-04,-3.335624553711849624e-04
9.489999999999999547e-01,1.176447559092446907e-04,-3.332054587428661687e-04
9.499999999999999556e-01,1.169258826773599919e-04,-3.328417584144778736e-04
9.509999999999999565e-01,1.162110043439283636e-04,-3.324716262488973937e-04
9.519999999999999574e-01,1.155001924496169000e-04,-3.320949467803345880e-04
9.529999999999999583e-01,1.147936351738313614e-04,-3.317119917047527643e-04
9.539999999999999591e-01,1.140914368581891116e-04,-3.313227755119947876e-04
9.549999999999999600e-01,1.133937222663245110e-04,-3.309274443129108022e-04
9.559999999999999609e-01,1.127006280640637984e-04,-3.305261418271617630e-04
9.569999999999999618e-01,1.120122687747827689e-04,-3.301188805979770918e-04
9.579999999999999627e-01,1.113287396759113569e-04,-3.297058105376970884e-04
9.589999999999999636e-01,1.106501610973307804e-04,-3.292870770021547001e-04
9.599999999999999645e-01,1.099766521772784552e-04,-3.288628250006836776e-04
9.609999999999999654e-01,1.093082974529424085e-04,-3.284330709668763552e-04
9.619999999999999662e-01,1.086452010951360680e-04,-3.279979616693957651e-04
9.629999999999999671e-01,1.079874661632154183e-04,-3.275576434444801193e-04
9.639999999999999680e-01,1.073351686629373235e-04,-3.271122661902891118e-04
9.649999999999999689e-01,1.066884025906990785e-04,-3.266618436997444628e-04
9.659999999999999698e-01,1.060472422294262513e-04,-3.262065253728024458e-04
9.669999999999999707e-01,1.054117867593483822e-04,-3.257464560999272707e-04
9.679999999999999716e-01,1.047821084699169548e-04,-3.252817841969203095e-04
9.689999999999999725e-01,1.041582592466550419e-04,-3.248125284940411796e-04
9.699999999999999734e-01,1.035403420890784471e-04,-3.243389634144811916e-04
9.709999999999999742e-01,1.029284072116427976e-04,-3.238611069536713374e-04
9.719999999999999751e-01,1.023225171932519846e-04,-3.233789752631693556e-04
9.729999999999999760e-01,1.017227336903111281e-04,-3.228928467179161834e-04
9.739999999999999769e-01,1.011291366553398357e-04,-3.224028645685536381e-04
9.749999999999999778e-01,1.005417479051271240e-04,-3.219090492576389805e-04
9.759999999999999787e-01,9.996064597256769846e-05,-3.214115432484832696e-04
9.769999999999999796e-01,9.938588295686593148e-05,-3.209104921101003254e-04
9.779999999999999805e-01,9.881746618070331957e-05,-3.204059170791120925e-04
9.789999999999999813e-01,9.825549045287914251e-05,-3.198980862323267727e-04
9.799999999999999822e-01,9.769995619479013673e-05,-3.193868908694018024e-04
9.809999999999999831e-01,9.715094954600774369e-05,-3.188727283103590083e-04
9.819999999999999840e-01,9.660847538705871870e-05,-3.183556174859721683e-04
9.829999999999999849e-01,9.607255827870257519e-05,-3.178354453533141044e-04
9.839999999999999858e-01,9.554327462442150048e-05,-3.173127363197183462e-04
9.849999999999999867e-01,9.502060458098401225e-05,-3.167872534920266464e-04
9.859999999999999876e-01,9.450461245438867913e-05,-3.162592632024567325e-04
9.869999999999999885e-01,9.399531866533645218e-05,-3.157289081120106481e-04
9.879999999999999893e-01,9.349272046142786746e-05,-3.151960771592434677e-04
9.889999999999999902e-01,9.299689020023598320e-05,-3.146612885817338012e-04
9.899999999999999911e-01,9.250780666108043512e-05,-3.141243046510784425e-04
9.909999999999999920e-01,9.202548858881858765e-05,-3.135852657875004210e-04
9.919999999999999929e-01,9.154998397208084424e-05,-3.130444346947427190e-04
9.929999999999999938e-01,9.108129780201691032e-05,-3.125019513107258002e-04
9.939999999999999947e-01,9.061942537685873115e-05,-3.119577022727011142e-04
9.949999999999999956e-01,9.016438829151267114e-05,-3.114119511890601783e-04
9.959999999999999964e-01,8.971621533150423431e-05,-3.108648325417999827e-04
9.969999999999999973e-01,8.927487624914594148e-05,-3.103162354282149428e-04
9.979999999999999982e-01,8.884042058411793070e-05,-3.097665429616804468e-04
9.989999999999999991e-01,8.841281763000954832e-05,-3.092156432012534346e-04
1.000000000000000000e+00,8.799209920871980560e-05,-3.086637933826073149e-04
1.002499999999999947e+00,8.697040969145357564e-05,-3.072803537102771583e-04
1.004999999999999893e+00,8.599173718483271950e-05,-3.058928487320878567e-04
1.007500000000000062e+00,8.505604260635334817e-05,-3.045027591367119400e-04
1.010000000000000009e+00,8.416329534734463098e-05,-3.031116611753169755e-04
1.012499999999999956e+00,8.331337269566888905e-05,-3.017211144538562979e-04
1.014999999999999902e+00,8.250613113852114325e-05,-3.003325298198574714e-04
1.017500000000000071e+00,8.174142704196448242e-05,-2.989474140777815940e-04
1.020000000000000018e+00,8.101905364746681763e-05,-2.975672542770369184e-04
1.022499999999999964e+00,8.033876353511313500e-05,-2.961933936201167948e-04
1.024999999999999911e+00,7.970033999384477691e-05,-2.948273880897797693e-04
1.027500000000000080e+00,7.910348017435877546e-05,-2.934706557012065954e-04
1.030000000000000027e+00,7.854788048485367928e-05,-2.921244682551781728e-04
1.032499999999999973e+00,7.803321181878874915e-05,-2.907903164851816211e-04
1.034999999999999920e+00,7.755912597812393615e-05,-2.894696669354240859e-04
1.037500000000000089e+00,7.712520697036196881e-05,-2.881638499467716811e-04
1.040000000000000036e+00,7.673108741122748827e-05,-2.868744032258991271e-04
1.042499999999999982e+00,7.637628500318354439e-05,-2.856026169069485199e-04
1.044999999999999929e+00,7.606032198749920422e-05,-2.843499941410287057e-04
1.047500000000000098e+00,7.578269668252013240e-05,-2.831180170550722614e-04
1.050000000000000044e+00,7.554283564678546830e-05,-2.819080369371566603e-04
1.052499999999999991e+00,7.534015388345854090e-05,-2.807217358789663758e-04
1.054999999999999938e+00,7.517397720472899429e-05,-2.795603188577580004e-04
1.057500000000000107e+00,7.504362912362155867e-05,-2.784255538862931726e-04
1.060000000000000053e+00,7.494832756941487237e-05,-2.773188536422989685e-04
1.062500000000000000e+00,7.488724799937452529e-05,-2.762418500163647361e-04
1.064999999999999947e+00,7.485947826680458745e-05,-2.751959387810786958e-04
1.067499999999999893e+00,7.486404436534368112e-05,-2.741827393111346493e-04
1.070000000000000062e+00,7.489988317806667913e-05,-2.732038682529618436e-04
1.072500000000000009e+00,7.496584074485216698e-05,-2.722608278296792354e-04
1.074999999999999956e+00,7.506065453628247674e-05,-2.713551252578284487e-04
1.077499999999999902e+00,7.518300650457215113e-05,-2.704884944459186595e-04
1.080000000000000071e+00,7.533141779033996309e-05,-2.696623439280258099e-04
1.082500000000000018e+00,7.550431571798868642e-05,-2.688780927516236114e-04
1.084999999999999964e+00,7.570001233380206738e-05,-2.681371753585573168e-04
1.087499999999999911e+00,7.591672338827252435e-05,-2.674409288661401193e-04
1.090000000000000080e+00,7.615256477649430143e-05,-2.667908207995420343e-04
1.092500000000000027e+00,7.640550759727412025e-05,-2.661877850645071411e-04
1.094999999999999973e+00,7.667343695918804646e-05,-2.656330025539615277e-04
1.097499999999999920e+00,7.695418653867984319e-05,-2.651273386755526474e-04
1.100000000000000089e+00,7.724547882405169397e-05,-2.646715781245712333e-04
1.102500000000000036e+00,7.754505454100115444e-05,-2.642664089309069118e-04
1.104999999999999982e+00,7.785059625026332329e-05,-2.639122125658112427e-04
1.107499999999999929e+00,7.815980154864262622e-05,-2.636090565034276316e-04
1.110000000000000098e+00,7.847048392750608533e-05,-2.633571242299526929e-04
1.112500000000000044e+00,7.878054790756504984e-05,-2.631561649647607770e-04
1.114999999999999991e+00,7.908805890416042473e-05,-2.630057060357063737e-04
1.117499999999999938e+00,7.939138299539430955e-05,-2.629053631672620146e-04
1.120000000000000107e+00,7.968915920548216023e-05,-2.628545116516958660e-04
1.122500000000000053e+00,7.998042540649189663e-05,-2.628522675430343815e-04
1.125000000000000000e+00,8.026470164255249226e-05,-2.628982434523517188e-04
1.127499999999999947e+00,8.054199350309020782e-05,-2.629916655069785354e-04
1.129999999999999893e+00,8.081296010512310172e-05,-2.631325552062858540e-04
1.132500000000000062e+00,8.107886780834026906e-05,-2.633211833779731882e-04
1.135000000000000009e+00,8.134160769741549343e-05,-2.635587232455767091e-04
1.137499999999999956e+00,8.160365819912658808e-05,-2.638473627047327810e-04
1.139999999999999902e+00,8.186801462263357157e-05,-2.641908605539870954e-04
1.142500000000000071e+00,8.213788047156386567e-05,-2.645948101752073527e-04
1.145000000000000018e+00,8.241631229489252005e-05,-2.650668036668414086e-04
1.147499999999999964e+00,8.270572311188408010e-05,-2.656174961504953642e-04
1.149999999999999911e+00,8.300703558134569040e-05,-2.662608522046838711e-04
1.152500000000000080e+00,8.331853291548873327e-05,-2.670140082265692080e-04
1.155000000000000027e+00,8.363446686811275190e-05,-2.678981659916625018e-04
1.157499999999999973e+00,8.394309497994878434e-05,-2.689373913413392343e-04
1.159999999999999920e+00,8.422452386317012699e-05,-2.701582095861563160e-04
1.162500000000000089e+00,8.444842204818402782e-05,-2.715873412167009991e-04
1.165000000000000036e+00,8.457187845414337131e-05,-2.732484830746264941e-04
1.167499999999999982e+00,8.453819173270508025e-05,-2.751569702567822320e-04
1.169999999999999929e+00,8.427764532396111758e-05,-2.773138506686287515e-04
1.172500000000000098e+00,8.371131532134738697e-05,-2.796989593835452000e-04
1.175000000000000044e+00,8.275845281566682177e-05,-2.822641654260597387e-04
1.177499999999999991e+00,8.134801190376027974e-05,-2.849307777040816598e-04
1.179999999999999938e+00,7.943212443746991197e-05,-2.875921290942731203e-04
1.182500000000000107e+00,7.699841554922035643e-05,-2.901228353894876998e-04
1.185000000000000053e+00,7.407722404856193214e-05,-2.923946863899467988e-04
1.187500000000000000e+00,7.074039449204916547e-05,-2.942943667372044186e-04
1.189999999999999947e+00,6.709150701825191212e-05,-2.957391337848942368e-04
1.192499999999999893e+00,6.325030410881323797e-05,-2.966853336189168174e-04
1.195000000000000062e+00,5.933606304763796788e-05,-2.971290562050427704e-04
1.197500000000000009e+00,5.545405524791195955e-05,-2.970987120124781453e-04
1.199999999999999956e+00,5.168768974372463454e-05,-2.966458954900421481e-04
1.202499999999999902e+00,4.809593332421339208e-05,-2.958333222276607441e-04
1.205000000000000071e+00,4.471511315181506742e-05,-2.947266501214435876e-04
1.207500000000000018e+00,4.156291645875019673e-05,-2.933882392910529052e-04
1.209999999999999964e+00,3.864297650157001441e-05,-2.918729071691303833e-04
1.212499999999999911e+00,3.594948583770511306e-05,-2.902273885312785999e-04
1.215000000000000080e+00,3.347071537943474345e-05,-2.884897537319103364e-04
1.217500000000000027e+00,3.119172951186371175e-05,-2.866904146891094754e-04
1.219999999999999973e+00,2.909633493591141061e-05,-2.848528037578922090e-04
1.222499999999999920e+00,2.716827136684803084e-05,-2.829951813669419423e-04
1.225000000000000089e+00,2.539198285426149686e-05,-2.811311701858403033e-04
1.227500000000000036e+00,2.375302427801064003e-05,-2.792710360107855433e-04
1.229999999999999982e+00,2.223821523651266051e-05,-2.774224223325140546e-04
1.232499999999999929e+00,2.083570304953703730e-05,-2.755906490991828599e-04
1.235000000000000098e+00,1.953489372328103636e-05,-2.737797298000970185e-04
1.237500000000000044e+00,1.832637586062453908e-05,-2.719923246365497189e-04
1.239999999999999991e+00,1.720178776537710391e-05,-2.702305145302098268e-04
1.242499999999999938e+00,1.615372728751673288e-05,-2.684954240160560956e-04
1.245000000000000107e+00,1.517562078799425504e-05,-2.667877688613165652e-04
1.247500000000000053e+00,1.426163722329283538e-05,-2.651078782476346592e-04
1.250000000000000000e+00,1.340658112444331865e-05,-2.634560179183498751e-04
1.252499999999999947e+00,1.260578926158614466e-05,-2.618319988821049267e-04
1.254999999999999893e+00,1.185511063695272513e-05,-2.602355940223013910e-04
1.257500000000000062e+00,1.115080774253395809e-05,-2.586666458957531754e-04
1.260000000000000009e+00,1.048949562239485596e-05,-2.571244740918298809e-04
1.262499999999999956e+00,9.868132522308860861e-06,-2.556089783841205697e-04
1.264999999999999902e+00,9.283948399946866028e-06,-2.541193491557293101e-04
1.267500000000000071e+00,8.734427483977786488e-06,-2.526553611680341319e-04
1.270000000000000018e+00,8.217266442369457248e-06,-2.512162881768162468e-04
1.272499999999999964e+00,7.730364681824562669e-06,-2.498017918943642806e-04
1.274999999999999911e+00,7.271788420249116956e-06,-2.484112365097453047e-04
1.277500000000000080e+00,6.839762871073712859e-06,-2.470440826709073123e-04
1.280000000000000027e+00,6.432653352836774137e-06,-2.456999833795549715e-04
1.282499999999999973e+00,6.048947327752171249e-06,-2.443783010961600595e-04
1.284999999999999920e+00,5.687244859351436234e-06,-2.430785925576896896e-04
1.287500000000000089e+00,5.346251716308473025e-06,-2.418004151731650755e-04
1.290000000000000036e+00,5.024762979126456312e-06,-2.405433277343371637e-04
1.292499999999999982e+00,4.721658433813717794e-06,-2.393067961607863348e-04
1.294999999999999929e+00,4.435897055711497691e-06,-2.380904787940302128e-04
1.297500000000000098e+00,4.166507551669111785e-06,-2.368941294293066266e-04
1.300000000000000044e+00,3.912580025273498777e-06,-2.357172210222907810e-04
1.302499999999999991e+00,3.673269907351483782e-06,-2.345597917236327682e-04
1.304999999999999938e+00,3.447128786843223861e-06,-2.334220678749342182e-04
1.307500000000000107e+00,3.232375644743449624e-06,-2.323027871902800688e-04
1.310000000000000053e+00,3.028475092229284362e-06,-2.312009708567431252e-04
1.312500000000000000e+00,2.834937032172827153e-06,-2.301158360957256956e-04
1.314999999999999947e+00,2.651298039455021558e-06,-2.290469769580110468e-04
1.317499999999999893e+00,2.477112217385350571e-06,-2.279937169281963177e-04
1.320000000000000062e+00,2.311956707091685629e-06,-2.269556612710560450e-04
1.322500000000000009e+00,2.155429028303486816e-06,-2.259325105042345931e-04
1.324999999999999956e+00,2.007144082687920610e-06,-2.249236958971514283e-04
1.327499999999999902e+00,1.866738195094756321e-06,-2.239289265815281942e-04
1.330000000000000071e+00,1.733862802350839554e-06,-2.229479146849032368e-04
1.332500000000000018e+00,1.608186553695605207e-06,-2.219802853838665619e-04
1.334999999999999964e+00,1.489393605575649387e-06,-2.210256679194810272e-04
1.337499999999999911e+00,1.377184135879595295e-06,-2.200839636994678962e-04
1.340000000000000080e+00,1.271271765663767388e-06,-2.191546293225678764e-04
1.342500000000000027e+00,1.171385434002489658e-06,-2.182376605804573638e-04
1.344999999999999973e+00,1.077263385146084275e-06,-2.173325214535107546e-04
1.347499999999999920e+00,9.886611449965033797e-07,-2.164392118568291099e-04
1.350000000000000089e+00,9.053417359803074666e-07,-2.155572910843023152e-04
1.352500000000000036e+00,8.270812546246204798e-07,-2.146866745312868213e-04
1.354999999999999982e+00,7.536668541021322893e-07,-2.138271032082792280e-04
1.357499999999999929e+00,6.848943037472221638e-07,-2.129782335770241566e-04
1.360000000000000098e+00,6.205701635081726653e-07,-2.121400740485030725e-04
1.362500000000000044e+00,5.605090697549954511e-07,-2.113121986957242201e-04
1.364999999999999991e+00,5.045350527857573012e-07,-2.104946190668592523e-04
1.367499999999999938e+00,4.524798806768254623e-07,-2.096870011258624648e-04
1.370000000000000107e+00,4.041830958400579096e-07,-2.088891865947683352e-04
1.372500000000000053e+00,3.594918925756212828e-07,-2.081011046714715282e-04
1.375000000000000000e+00,3.182600191288133909e-07,-2.073224283846357256e-04
1.377499999999999947e+00,2.803484342659127352e-07,-2.065531757586850574e-04
1.379999999999999893e+00,2.456239412201978620e-07,-2.057931090897136212e-04
1.382500000000000062e+00,2.139595806544941560e-07,-2.050419931665280941e-04
1.385000000000000009e+00,1.852339613098784213e-07,-2.042998493094553007e-04
1.387499999999999956e+00,1.593312398825025107e-07,-2.035664451524674546e-04
1.389999999999999902e+00,1.361407436425100348e-07,-2.028417192318082436e-04
1.392500000000000071e+00,1.155565243586173262e-07,-2.021255266681030028e-04
1.395000000000000018e+00,9.747734669677559335e-08,-2.014178078691030891e-04
1.397499999999999964e+00,8.180656811232075817e-08,-2.007184202532494213e-04
1.399999999999999911e+00,6.845154416467050730e-08,-2.000273894347686949e-04
1.402500000000000080e+00,5.732376035822000132e-08,-1.993446576003915743e-04
1.405000000000000027e+00,4.833840124149322047e-08,-1.986703334159669481e-04
1.407499999999999973e+00,4.121746283379384160e-08,-1.980046899438927589e-04
1.409999999999999920e+00,3.494622160008001670e-08,-1.973475849588855356e-04
1.412500000000000089e+00,2.937900363896993025e-08,-1.966983013850182667e-04
1.415000000000000036e+00,2.450125924481178051e-08,-1.960564577953463714e-04
1.417499999999999982e+00,2.029864021392725298e-08,-1.954218404027041449e-04
1.419999999999999929e+00,1.675721973616904270e-08,-1.947941558456146578e-04
1.422500000000000098e+00,1.386333803366633696e-08,-1.941734397002676908e-04
1.425000000000000044e+00,1.160356495338991387e-08,-1.935593206577473381e-04
1.427499999999999991e+00,9.964807283188665791e-09,-1.929518366045638537e-04
1.429999999999999938e+00,8.934360882977494870e-09,-1.923507823172849139e-04
1.432500000000000107e+00,8.375361516049429716e-09,-1.917564389229754241e-04
1.435000000000000053e+00,7.867494378803027635e-09,-1.911684406172056412e-04
1.437500000000000000e+00,7.377439470172065592e-09,-1.905865054282991427e-04
1.439999999999999947e+00,6.904945053838196105e-09,-1.900103540628502786e-04
1.442499999999999893e+00,6.449837950725156465e-09,-1.894398697965049897e-04
1.445000000000000062e+00,6.011914316130245594e-09,-1.888748572212999737e-04
1.447500000000000009e+00,5.590989268430744699e-09,-1.883151227510355616e-04
1.449999999999999956e+00,5.186866951074756760e-09,-1.877606334175709491e-04
1.452499999999999902e+00,4.799375566288597693e-09,-1.872111980967868113e-04
1.455000000000000071e+00,4.428330998457124170e-09,-1.866667064653586435e-04
1.457500000000000018e+00,4.073543610616686029e-09,-1.861270492044726245e-04
1.459999999999999964e+00,3.734841886316033105e-09,-1.855921179853869171e-04
1.462499999999999911e+00,3.412041486111832108e-09,-1.850618839670295209e-04
1.465000000000000080e+00,3.104974500827306001e-09,-1.845361618936201559e-04
1.467500000000000027e+00,2.813468114157447253e-09,-1.840148463264013523e-04
1.469999999999999973e+00,2.537359926096848514e-09,-1.834979107469145111e-04
1.472499999999999920e+00,2.276465962687291737e-09,-1.829853288655033353e-04
1.475000000000000089e+00,2.030626257422583725e-09,-1.824768417012407890e-04
1.477500000000000036e+00,1.799676858993612988e-09,-1.819725024253981591e-04
1.479999999999999982e+00,1.583447314714430037e-09,-1.814722864344649460e-04
1.482499999999999929e+00,1.381791258402862996e-09,-1.809759379472851556e-04
1.485000000000000098e+00,1.194542486646087246e-09,-1.804835882100209738e-04
1.487500000000000044e+00,1.021550743562030012e-09,-1.799950601448116981e-04
1.489999999999999991e+00,8.626448098304074540e-10,-1.795102548276065471e-04
1.492499999999999938e+00,7.176807007302212545e-10,-1.790291506407905959e-04
1.495000000000000107e+00,5.865067605435813418e-10,-1.785517261430213010e-04
1.497500000000000053e+00,4.689728815564150714e-10,-1.780779600677566410e-04
1.500000000000000000e+00,3.649287442077492532e-10,-1.776076034065019111e-04
1.502499999999999947e+00,2.742290940047110519e-10,-1.771407883118777992e-04
1.504999999999999893e+00,1.967275978026156791e-10,-1.766774188566983515e-04
1.507500000000000062e+00,1.322817152564530759e-10,-1.762173999161035392e-04
1.510000000000000009e+00,8.074886675569120211e-11,-1.757606371572836509e-04
1.512499999999999956e+00,4.198891503383237440e-11,-1.753072625487053587e-04
1.514999999999999902e+00,1.586333298490322573e-11,-1.748570318657251699e-04
1.517500000000000071e+00,2.234945224637688787e-12,-1.744100023504406214e-04
1.520000000000000018e+00,0.000000000000000000e+00,-1.739660813508546358e-04
1.522499999999999964e+00,0.000000000000000000e+00,-1.735253260729178830e-04
1.524999999999999911e+00,0.000000000000000000e+00,-1.730874956575358125e-04
1.527500000000000080e+00,0.000000000000000000e+00,-1.726527966770510976e-04
1.530000000000000027e+00,0.000000000000000000e+00,-1.722209894546937437e-04
1.532499999999999973e+00,0.000000000000000000e+00,-1.717920580840064744e-04
1.534999999999999920e+00,0.000000000000000000e+00,-1.713660605676406098e-04
1.537500000000000089e+00,0.000000000000000000e+00,-1.709428335105475736e-04
1.540000000000000036e+00,0.000000000000000000e+00,-1.705225087934374942e-04
1.542499999999999982e+00,0.000000000000000000e+00,-1.701048505137882729e-04
1.544999999999999929e+00,0.000000000000000000e+00,-1.696899174376822420e-04
1.547500000000000098e+00,0.000000000000000000e+00,-1.692776948027473313e-04
1.550000000000000044e+00,0.000000000000000000e+00,-1.688681679564948187e-04
1.552499999999999991e+00,0.000000000000000000e+00,-1.684611768426973991e-04
1.554999999999999938e+00,0.000000000000000000e+00,-1.680567805051719460e-04
1.557500000000000107e+00,0.000000000000000000e+00,-1.676549650429571853e-04
1.560000000000000053e+00,0.000000000000000000e+00,-1.672557166571777448e-04
1.562500000000000000e+00,0.000000000000000000e+00,-1.668588772856335228e-04
1.564999999999999947e+00,0.000000000000000000e+00,-1.664645062222374792e-04
1.567499999999999893e+00,0.000000000000000000e+00,-1.660725903884781687e-04
1.570000000000000062e+00,0.000000000000000000e+00,-1.656830450415506411e-04
1.572500000000000009e+00,0.000000000000000000e+00,-1.652958577108232729e-04
1.574999999999999956e+00,0.000000000000000000e+00,-1.649110160148500707e-04
1.577499999999999902e+00,0.000000000000000000e+00,-1.645285076606636636e-04
1.580000000000000071e+00,0.000000000000000000e+00,-1.641483204430757212e-04
1.582500000000000018e+00,0.000000000000000000e+00,-1.637703001101618590e-04
1.584999999999999964e+00,0.000000000000000000e+00,-1.633945773098747654e-04
1.587499999999999911e+00,0.000000000000000000e+00,-1.630210692977343090e-04
1.590000000000000080e+00,0.000000000000000000e+00,-1.626496939551202905e-04
1.592500000000000027e+00,0.000000000000000000e+00,-1.622805108319008932e-04
1.594999999999999973e+00,0.000000000000000000e+00,-1.619134382366695752e-04
1.597499999999999920e+00,0.000000000000000000e+00,-1.615485356056550888e-04
1.600000000000000089e+00,0.000000000000000000e+00,-1.611856515450477546e-04
1.602500000000000036e+00,0.000000000000000000e+00,-1.608249157664500613e-04
1.604999999999999982e+00,0.000000000000000000e+00,-1.604661076944042077e-04
1.607499999999999929e+00,0.000000000000000000e+00,-1.601094267819276910e-04
1.610000000000000098e+00,0.000000000000000000e+00,-1.597546533853832758e-04
1.612500000000000044e+00,0.000000000000000000e+00,-1.594019168434790271e-04
1.614999999999999991e+00,0.000000000000000000e+00,-1.590511375039902961e-04
1.617499999999999938e+00,0.000000000000000000e+00,-1.587022363003431837e-04
1.620000000000000107e+00,0.000000000000000000e+00,-1.583553419968868623e-04
1.622500000000000053e+00,0.000000000000000000e+00,-1.580102376193793460e-04
1.625000000000000000e+00,0.000000000000000000e+00,-1.576671207626026427e-04
1.627499999999999947e+00,0.000000000000000000e+00,-1.573257753457230524e-04
1.629999999999999893e+00,0.000000000000000000e+00,-1.569863297518463434e-04
1.632500000000000062e+00,0.000000000000000000e+00,-1.566486376126173627e-04
1.635000000000000009e+00,0.000000000000000000e+00,-1.563128269296290779e-04
1.637499999999999956e+00,0.000000000000000000e+00,-1.559787519569482903e-04
1.639999999999999902e+00,0.000000000000000000e+00,-1.556464041593278922e-04
1.642500000000000071e+00,0.000000000000000000e+00,-1.553158430134211681e-04
1.645000000000000018e+00,0.000000000000000000e+00,-1.549870597279318410e-04
1.647499999999999964e+00,0.000000000000000000e+00,-1.546599778592299746e-04
1.649999999999999911e+00,0.000000000000000000e+00,-1.543345215083355697e-04
1.652500000000000080e+00,0.000000000000000000e+00,-1.540108177194536977e-04
1.655000000000000027e+00,0.000000000000000000e+00,-1.536887232332156625e-04
1.657499999999999973e+00,0.000000000000000000e+00,-1.533683647170437018e-04
1.659999999999999920e+00,0.000000000000000000e+00,-1.530495323935815769e-04
1.662500000000000089e+00,0.000000000000000000e+00,-1.527324199017573677e-04
1.665000000000000036e+00,0.000000000000000000e+00,-1.524168851543130450e-04
1.667499999999999982e+00,0.000000000000000000e+00,-1.521029205676111419e-04
1.669999999999999929e+00,0.000000000000000000e+00,-1.517905186068232927e-04
1.672500000000000098e+00,0.000000000000000000e+00,-1.514796717855645318e-04
1.675000000000000044e+00,0.000000000000000000e+00,-1.511703726655322269e-04
1.677499999999999991e+00,0.000000000000000000e+00,-1.508626138561477233e-04
1.679999999999999938e+00,0.000000000000000000e+00,-1.505563880142012675e-04
1.682500000000000107e+00,0.000000000000000000e+00,-1.502516878435000214e-04
1.685000000000000053e+00,0.000000000000000000e+00,-1.499484401568647134e-04
1.687500000000000000e+00,0.000000000000000000e+00,-1.496467039175619585e-04
1.689999999999999947e+00,0.000000000000000000e+00,-1.493464062577053359e-04
